,topic,poetry
0,eshq,من خفته بدم به ناز در کتم عدم ‪ حسن تو به دست خویش بیدارم کرد
1,eshq,ازخمستان جرعه‌ای برخاک ریخت ‪ جنبشی درآدم و حوا نهاد
2,eshq,از شبنم عشق خاک آدم گل شد ‪ صد فتنه و شور در جهان حاصل شد
3,eshq,در ازل پرتو حسنت ز تجلی دم زد ‪ عشق پیدا شد و آتش به همه عالم زد
4,eshq,شور و غوغایی برآمد از جهان ‪ حسن او چون دست در یغما نهاد
5,eshq,این لطف بین که با گل آدم سرشته‌اند ‪ وین روح بین که در تن آدم تنیده اند
6,eshq,هوش خردمندان را عشق به تاراج برد ‪ من نشنیدم که باز‪ صید کبوتر شود
7,eshq,صایب حضور اگر طلبی ترک عقل کن ‪ کاین در به روی مردم فرزانه بسته است
8,eshq,چو عشق آمد ز عقل مگو ‪ که دردست چوگان اسیرست گوی
9,eshq,آن جا که عشق خیمه زند جای عقل نیست ‪ غوغا بود دو پادشه اندر والیتی
10,eshq,پرستش به مستی است در کیش مهر ‪ برون اند زین جرگه هوشیارها
11,eshq,چو بر عقل دانا شود عشق چیر ‪ همان پنجه آهنین است و شیر
12,eshq,عقل در کوی عشق نابیناست ‪ عاقلی کار بوعلی سیناست
13,eshq,عقل در سلسله عشق گرفتار بود ‪ عاشق دلشده مست است نه هشیار بود
14,eshq,عشق آمد خانمان عقل را ویران کند ‪ پشت پا زد بر سر آخر عقل دور اندیش را
15,eshq,عشق بر تدبیر خندد زانکه در صحرای عقل ‪ هر چه تدبیر است جز بازیچه تقدیر نیست
16,eshq,عاشقی خود نه کار فرزانه است ‪ عقل در راه عشق دیوانه است
17,eshq,عقل بیگانه است در ره عشق ‪ شرح این نکته آشنا داند
18,eshq,عاقالن نقطه پرگار وجودند ولی ‪ عشق داند که در این دایره سرگردانند
19,eshq,عقلم به کوی دوست هدایت نمی‌کند ‪ ای عشق برافروز چراغ هدایت
20,eshq,ماجرای عقل پرسیدم ز عشق ‪ گفت معزول است و فرمانیش نیست
21,eshq,به شادی و آسایش و خواب و خور ‪ ندارند کاری دل افگارها
22,eshq,دربیابان‌گر به شوق کعبه خواهی زد قدم ‪ سرزنش‌ها گرکند خارمغیالن غم مخور
23,eshq,مالک ملک وجود‪ حاکم رد و قبول ‪ هر چه کند جور نیست ور تو بنالی جفاست
24,eshq,وصال دوست طلب می‌کنی بالکش باش ‪ که خار و گل هم با یکدگر تواند بود
25,eshq,نازپرورد تنعم نبرد راه به دوست ‪ عاشقی شیوه رندان بالکش باشد
26,eshq,زشت باید دید و انگارید خوب ‪ زهر باید خورد و انگارید قند
27,eshq,یا رب این کعبه مقصود تماشاگه کیست ‪ که مغیالن طریقش گل و نسرین من است
28,eshq,باغبان‌گر پنچ روزی صحبت گل بایدش ‪ بر جفای خار هجران صبر بلبل بایدش
29,eshq,فراز و نشیب عشق دام بالست ‪ کجاست شیر دلی کز بال نپرهیزد
30,eshq,جمال کعبه چنان می‌کشاندم به نشاط ‪ که خارهای مغیالن حریر می‌آید
31,eshq,ولی رادمردان و وارستگاران ‪ نبازند هرگز به مردارها
32,eshq,کی کند عاشقی نگاهی درجهان ‪ زان که عاشق را جهانی دیگراست
33,eshq,همه سالمت نفس آرزو کند مردم ‪ خالف من که به جان می‌خرم بالیی
34,eshq,حدیث عشق نداندکسی که درهمه عمر‪ به سرنکوفته باشد درسرایی را
35,eshq,اگرتو جورکنی رای ما دگر نشود ‪ هزارشکر بگوییم هرجفایی را
36,eshq,طریق عشق پر آشوب و فتنه است ای دل ‪ بیفتد آنکه در این راه باشتاب رود
37,eshq,ما سیه گلیمان را جز بال نمی‌شاید ‪ بر دل بهایی نه هر بال که بتوانی
38,eshq,اهل کام و ناز را در کوی رندی راه نیست ‪ رهروی باید جهان سوزی نه خامی بی غمی
39,eshq,حاصلی نیست به جز غم ز جهان خواجو را ‪ شادی جان کسی کاو ز جهان آزاد است
40,eshq,طره پریشانش دیدم و به دل گفتم ‪ این همه پریشانی بر سر پریشانی
41,eshq,بگفت آنجا به صنعت در چه کوشند ‪ بگفت انده خرند و جان فروشند
42,eshq,کشیدند در کوی دلدادگان ‪ میان دل و کام دیوارها
43,eshq,عشق جویی و عافیت طلبی ‪ عشق با عافیت کدام بود
44,eshq,زخم خونینم اگر به نشود به باشد ‪ خنک آن زخم که هر لحظه مرا مرهم از اوست
45,eshq,عاشقان کشتگان معشوقند ‪ برنیاید زکشتگان آواز
46,eshq,ای مدعیان در طلبش بی خبرانند ‪ کان را که خبر شد خبری باز نیامد
47,eshq,ای مرغ سحر عشق زپروانه بیاموز ‪ کان سوخته را جان شد و آواز نیامد
48,eshq,الف تقرب مزن به حضرت جانان ‪ زان که خموشند بندگان مقرب
49,eshq,تا نگردی بی خبر از جسم و جان ‪ کی خبر یابی ز جانان یک زمان
50,eshq,بدان مقام رسید اتحاد من و دوست ‪ که باز می‌نشناسم که این منم یا دوست
51,eshq,دست درکش کرد و با آتش به هم ‪ خویشتن گم کرد با او خوش به هم
52,eshq,دست از مس وجود چو مردان حق بشوی ‪ تا کیمیای عشق بیابی و زر شوی
53,eshq,صورت من همه او شد صفت من همه او ‪ الجرم کس من و من نشنود اندرسخنم
54,eshq,از نارسیدگی است که صوفی می‌کند خروش ‪ سیالب چون به بحر رسد می‌شود خاموش
55,eshq,آن که شد هم بی خبر هم بی اثر ‪ از میان جمله او دارد خبر
56,eshq,از تن دوست در سرای مجاز ‪ جان برون آید و نیاید راز
57,eshq,تا که خبر دارم از او بی خبر از خویشتنم ‪ با وجودش زمن آواز نیاید که منم
58,eshq,کسی را که در این بزم ساغر دهند ‪ که داروی بی هوشیش در دهند
59,eshq,هر که را اسرار حق آموختند ‪ مهر کردند و دهانش دوختند
60,eshq,بگفتا گربه سریا بیش خشنود ‪ بگفت ازگردن این وام افکنم زود
61,eshq,بگفتا جان مده بس دل که با اوست ‪ بگفت دشمن اند این هردو بی دوست
62,eshq,بگفتا گرخرامی درسرایش ‪ بگفت اندازم این سرزیرپایش
63,eshq,عاشقی را یکی فسرده بدید ‪ که همی مرد و خوش همی خندید
64,eshq,که جان عاشق چون تیغ عشق برباید ‪ هزار جان مقدس به شکر آن بنهد
65,eshq,درآمد آتش عشق و بسوخت هر چه جز اوست ‪ چو جمله سوخته شد شاد باش و خوش می‌خند
66,eshq,سینه خواهم شرحه شرحه ازفراق ‪ تا بگویم شرح درد اشتیاق
67,eshq,تا نگردی آشنا زین پرده رمزی نشنوی ‪ گوش نامحرم نباشد جای پیغام سروش
68,eshq,آنچه برمن می‌رود در بندت ای آرام جان ‪ با کسی گویم که در بندی گرفتار است
69,eshq,حال شب‌های مرا همچو منی داند و بس ‪ تو چه دانی که شب سوختگان چون گذرد
70,eshq,حدیث عشق نداند کسی که در همه عمر ‪ به سر نکوفته باشد در سرایی را
71,eshq,در نیابد حال پخته هیچ خام ‪ پس سخن کوتاه باید والسالم
72,eshq,مدعی خواست که آید به تماشاگه راز ‪ دست غیب آمد و بر سینه نامحرم زد
73,eshq,همیشه صداهایی در طبیعت و رازهایی در آسمان هست که همه کس نه توانند آنرا بخوانند و نه آنرا بشنود
74,eshq,شب فراق که داند که تا سحر چند است ‪ مگر کسی که به زندان عشق در بند است
75,eshq,سخن را روی در صاحب دالن است ‪ نگویند از حرم اال به محرم
76,eshq,عشق در هر دلی فرو ناید ‪ زان که هر سینه محرم رازی است
77,eshq,اسرار خرابات به جز مست نداند ‪ هشیار چه داند که در این کوچه چه راز است
78,eshq,محرم این هوش جز بی هوش نیست ‪ مر زبان را مشتری جز گوش نیست
79,eshq,منم همچون پیاده تو سواری ‪ از رنج پایم آگاهی نداری
80,eshq,مرغان قفس باشد را المی باشد و شوقی ‪ کان مرغ نداند که گرفتار نباشد
81,eshq,هم عارفان عاشق دانند حال مسکین ‪ گر عارفی بنالد یا عاشقی بزارد
82,eshq,حدیث عشق جانان گفتنی نیست ‪ وگر گویی کسی همدرد باید
84,eshq,در مکتب عشق هان ای پسر بکوش ‪ تا کیمیای عشق بیابی و زر شوی
85,eshq,چو شبنم اوفتاده بودم پیش آفتاب ‪ مهرم به جان رسید و به عیوق برشدم
86,eshq,ورامروز اندراین منزل تورا جانی زیان آمد ‪ زهی سرمایه و سودا که فردا زان زیان بینی
87,eshq,تو یک ساعت چو افریدون به میدان باش تا زان پس ‪ به هر جانب که روی آری درفش کاویان بینی
88,eshq,از کیمیای مهر تو زر گشت روی من ‪ آری به لطف یمن شما خاک زر شود
89,eshq,دست از مس وجود چو مردان ره بشوی ‪ تا کیمیای عشق بیابی و زر شوی
90,eshq,گویند روی سرخ تو سعدی که زرد کرد ‪ اکسیر عشق بر مسم افتاد و زر شدم
91,eshq,چو شبنم بیفتاد مسکین و خرد ‪ به مهر آسمانش به عیوق برد
92,eshq,بگفتا رو صبوری کن در این درد ‪ بگفت از جان صبوری چون توان کرد
93,eshq,جان ماهی آب باشد صبر بی جان چون بود ‪ چون که بی جان صبر نبود چون بود بی جان ز جان
94,eshq,صبوری از طریق عشق دور است ‪ نباشد عاشق آن کس کاو صبور است
95,eshq,به عشق اندر صبوری خام کاری است ‪ بنای عاشقی بر بی قراری است
96,eshq,مستی و عاشقیم برد ز دست ‪ صبر ناید ز هیچ عاشق مست
97,eshq,دیدی که مرا هیچ کسی یاد نکرد ‪ جزغم که هزار آفرین برغم باد
98,eshq,این فخر بس مرا که چون پیدا شوم زدور‪ شادی کنان غم تو به رویم سالم کرد
99,eshq,آگه نیم که چیست غمم را سبب ولی ‪ دانم که یاد غم سبب شادی من است
100,eshq,شادم به روز غم که غم غمگسار گشت ‪ که غم چو روی شادی عالم بدیده ام
101,eshq,گر دیگران به عیش و طرب خرم اند و شاد ‪ ما را غم نگار بود مایه‌ی سرور
102,eshq,غم می‌خوریم و هیچ شکایت نمی‌کنیم ‪ ما راچه غم که غمت غمگسارماست
103,eshq,جان بهر غم است و بی غم امکان نبود ‪ هر جان که در او غم نبود جان نبود
104,eshq,چه شکر گویمت ای سیل غم عفاک اهلل ‪ که روز بی کسی آخر نمی‌روی ز برم
105,eshq,باز بانگی از نیستان می‌رسد ‪ غم به داد غم پرستان می‌رسد
106,eshq,غم را لطف لقب کن زغم و درد طرب کن ‪ هم از این خوب طلب کن فرج و امن و امان را
107,eshq,جانا به جز غم تو دلم را هوس مباد ‪ جز تو کسم ز جور تو فریاد رس مباد
108,eshq,ای بی وفا رسم وفا از غم بیاموز ‪ غم با همه بیگانگی هر شب به ما سر می‌زند
109,eshq,غمش را غیر دل سر منزلی نیست ‪ ولی آن هم نصیب هر دلی نیست
110,eshq,غم تو را به نشاط جهان نخواهم داد ‪ من این خریده خود را به هیچ نفروشم
111,eshq,دوستت دارم از این رو که مکافاتت می‌کنم
112,eshq,هرکه در این بزم مقرب‌تر است ‪ جام بال بیشترش می‌دهد
113,eshq,در حیرتند خیره سران از چه عشق دوست ‪ احباب را به بند بال مبتال کند
114,eshq,هرکه بود طالب دیدار دوست ‪ آب دم نیشترش می‌دهد
115,eshq,اگر با من نبودش هیچ میلی ‪ چرا ظرف مرا بشکست لیلی
116,eshq,بار رنج کش به شب قیرگون ‪ هرچه عنا بیش عنایت فزون
117,eshq,به او نزدیکترمی شوید‪ گرچه بیشتر آزار ببینید ‪ 
118,eshq,مجموعه‌ای می‌بایست ازهر دو عالم روحانی و جسمانی تا بار امانت مردانه و عاشقانه در سفت جان کشد ‪ 
119,eshq,آسمان بارامانت نتوانست کشید ‪ قرعه کار به نام من دیوانه زدند
120,eshq,آسمان سست پی مرد شکوه عشق نیست ‪ رخش می‌بایدکه رستم را به میدان آورد
121,eshq,درازل پرتو حسنت زتجلی دم زد ‪ عشق پیدا شد و آتش به همه عالم زد ‪ 
122,eshq,آدمی‌گر خون بگرید ازگرانباری رواست ‪ کان چه نتوانست بردن آسمان بر دوش اوست ‪ 
123,eshq,آسمان کی می‌تواند کرد کار عشق را ‪ بر نمی‌آید ز دست شیشه‌گر آهنگری
124,eshq,عشق باالتر از آن است که در وصف آید ‪ چرخ کبکی است که در چنگال این شهباز است
125,eshq,عشق دعوی می‌کند بار بال بر دوش نه ‪ نقد خود بر سنگ زن بنگر عیار خویش را
126,eshq,بگفتا دوری ازمه نیست درخور ‪ بگفت آشفته ازمه دوربهتر
127,eshq,زهرسوکرد برعادت نگاهی ‫نظرناگه درافتادش به ماهی
128,eshq,بیش آشفته شد تا بیشتر دید‫چولختی دید از آن دیدن خطر دید
129,eshq,درافتادش به ماهی ‫که بیش آشفته شد تا بیشتر دید
130,eshq,گر مدعیان نقش ببینند پری را ‪ دانند که دیوانه چرا جامه دریده است
131,eshq,تا رفتنش ببینم و گفتنش بشنوم‪ ازپای تا به سرهمه سمع و بصرشدم
132,eshq,با صد هزار جلوه برون آمدی که من ‪ با صد هزار دیده تماشا کنم تو را
133,eshq,از غبار پایش کرده‌ام کحل نظر ‪ سرمه کی باشد به چشم انتظارم کارگر
134,eshq,یاد باد آن که سر کوی توام منزل بود ‪ دیده را روشنی از خاک درت حاصل بود
135,eshq,من چشم از او چگونه توانم نگاه داشت ‪ کاول نظر به دیدن او دیده ور شدم
136,eshq,تا مرا با نقش رویش آشنایی اوفتاد ‪ هر چه می‌بینم به چشمم نقش دیوار آمدست
137,eshq,چه چیز را دشوار پنهان می‌توان داشت آتش را که در روز دودش از راز نهان خبر می‌دهد و در شب شعله‌اش پرده
138,eshq,می‌کند عشق نیز چون آتش است که پنهان نمی‌ماند‪ 
139,eshq,دهل زیر گلیم از خلق پنهان ‪ نشاید کرد و آتش زیر سر پوش
140,eshq,اظهار عشق را به زبان احتیاج نیست ‪ چندان که شد نگه به نگه آشنا بس است
141,eshq,عشقت به قول مدعی پنهان نشاید داشتن ‪ سرچشمه خورشید را نتوان به خاک انباشتن
142,eshq,عشق سعدی نه حدیثی است که پنهان ماند ‪ داستانی است که بر سر هر بازاری است
143,eshq,هزار جهد بکردم که سر عشق بپوشم ‪ نبود بر سر آتش میسرم که نجوشم
189,erfan,به جهان خرم از آنم که جهان خرم از اوست ‪ عاشقم بر همه عالم که همه عالم از اوست
190,erfan,الهی به بهشت و حور چه نازم مرا دیده‌ای ده که از هر نظر بهشتی سازم
191,erfan,بکوش تا عظمت در نگاه تو باشد نه در چیزی که به آن می‌نگری
192,erfan,من نمی‌دانم که چرا می‌گویند اسب حیوان نجیبی است ‪ کبوترزیباست ‪ و چرا درقفس هیچ کسی کرکس
193,erfan,‪ گل شبدر چه کم ازالله قرمز دارد 
194,erfan,اختالفی که هست درنام است ‪ ورنه سی روز بی گمان ماهی است
195,erfan,ورهنری داری و هفتادعیب ‪ دوست نبیند مگرآن یک هنر
196,erfan,گفت ازخوبان تو افزون نیستی ‪ گفت خامش چون تو مجنون نیستی
197,erfan,من عاشقم و دلم بدو گشت تباه ‪ عاشق نبود ز عیب معشوق آگاه
198,erfan,چشمان نظر به میوه کنند ‪ ما تماشا کنان بستانیم
199,erfan,تو به سیمای شخص می‌نگری ‪ ما در آثار صنع حیرانیم
200,erfan,جهان را سر به سر آیینه می‌دان ‪ به هر یک ذره‌ای صد مهر تابان
201,erfan,اگر یک را قطره را دل برشکافی ‪ برون آید از آن صد بحر صافی
202,erfan,به هر جزیی ز خاک ار بنگری راست ‪ هزاران آدم اندر او هویداست
203,erfan,درون حبه‌ای صد خرمن آمد ‪ جهانی اند دل یک ارزن آمد
204,erfan,به زیر پرده هر ذره پنهان ‪ جهان جان فزای روی جانان
205,erfan,شگفتا نگاه‌های لوکس مردم آسفالت نشین شهر ‪ آن را کهکشان می‌بیند و دهاتی‌های کاه کش کویر ‪ شاهراه
207,erfan,کلمات را کنار زنید و روحی را که در این تلقی و تعبیر پنهان است تماشا کنید
208,erfan,هر سال که یک کالس باالتر می‌رفتم از زیباییها و لذت‌ها و چهره‌های پر از ماورا محروم‌تر می‌شدم
209,erfan,دیدارها همه بر خاک و سخن‌ها همه از خاک 
210,erfan,به این علم عددبین مصلحت اندیش آلود‪ …
211,erfan,شکوه و شگفتی و زیبایی شورانگیز طلوع خورشید را باید از دور دید ‪ اگر نزدیکش رویم از دستش داده ایم‪ …
212,erfan,لطافت زیبای گل در زیر انگشتهای تشریح می‌پژمرد 
213,erfan,کار ما نیست شناسایی راز گل سرخ ‪ کار ما شاید این است ‪ که میان گل نیلوفر و قرن ‪ پی آواز حقیقت بدویم
214,erfan,بسیار کس ز پای در آورد اسب آز ‪ او را مگر نبود لگام و دهانه ای
215,erfan,پرواز کن ولی نه چندان دور از آشیان ‪ منمای فکر و آرزوی جاهالنه ای
216,erfan,تنم را در قناعت زنده دل دار ‪ مزاجم را به طاعت معتدل دار
217,erfan,در قناعت لب خشک و مژه پرنم نیست ‪ عالمی هست در این گوشه که در عالم نیست
218,erfan,آسودگی به کنج قناعت نشستن است ‪ سیر بهشت در گرو چشم بستن است
219,erfan,هر که آن جا نشیند که خواهد و مرادش بود چنانش کشند که نخواهد و مرادش نبود
220,erfan,آن که دل بگسلد از هر دو جهان درویش است ‪ آن که بشکفت ز پیدا و پنهان درویش است
221,erfan,پس از سی سال روشن گشت بر خاقانی این معنی ‪ که سلطانی است درویشی و درویشی است سلطانی
222,erfan,آرزوهای دو عالم دستگاه ‪ از کف خاکم غباری بیش نیست
223,erfan,فاش می‌گویم و از گفته خود دلشادم ‪ بنده عشقم و از هر دو جهان آزادم
224,erfan,چشم همت نه به دنیا که به عقبی نبود ‪ عارف عشق شوریده سرگردان را
225,erfan,به پادشاهی عالم فرو نیاردسر ‪ اگرزسر قناعت خبرشود درویش
226,erfan,دولت فقر خدایا به من ارزانی دار ‪ کاین کرامت سبب حشمت و تمکین من است
227,erfan,در این بازار اگر سودی است با درویش خرسند است ‪ خدایا منعمم گردان به درویشی و خرسندی
229,erfan,صبر کن با فقر و بگذار این مالل ‪ زانک در فقر است نور ذوالجالل
230,erfan,یک قدم برسر وجود نهی ‪ وان دگر در بر ودود نهی
232,erfan,کسی ز قید خزان و بهار شد آزاد ‪ که همچو سرو از این باغ چید دامن را
233,erfan,بر روزه قناعت خود صبر می‌کنیم ‪ گر جان به لب رسد غم دنیا نمی‌خوریم
234,erfan,به نان خشک قناعت کنیم و جامه دلق ‪ که کار منت خود به که بار منت خلق
235,erfan,که از دست رنج خویش و تره ‪ بهتر از نان دهخدا وبره
236,erfan,اگرخواهی که به ما رسی خود را بر در بگذار و درآی
237,erfan,می بهشت ننوشم ز جام ساقی رضوان ‪ مرا به باده چه حاجت که مست روی تو باشم
238,erfan,به مجمعی که درآیند شاهدان دو عالم ‪ نظر به سوی تو دارم غالم روی تو باشم
239,erfan,گر نباشد هر دو عالم گو مباش ‪ تو تمامی با تو ام تنها خوش است
240,erfan,هیچ ازدنیا و عقبی نبود گوشه خاطر‪ که به دیدارتو شغل است و فراغ ازدوجهانم
241,erfan,چه خوش‌تر از مشک است بوی یار من ‪ مشک یا عنبر چه کارآید مرا
242,erfan,وگر بهشت مصور کنند عارف را ‪ به غیر دوست نشاید که دیده بردارد
243,erfan,الهی گلهای بهشت در پای عارفان خار است ‪ جوینده تو را با بهشت چه کار است
244,erfan,سایه طوبی و دلجویی حور و لب حوض ‪ به هوای سر کوی تو برفت از یادم
245,erfan,روز رستاخیز کانجا کس نپردازد به کس ‪ من نپردازم به هیچ از گفت و گوی یار خویش
246,erfan,روز حشر برآیم سر ز خواب اجل ‪ به روی دوست شود باز چشم بسته من
247,erfan,گرنه روی تو بود من چه کنم باغ بهشت ‪ نتوان بهر گل و میوه به زندان بودن
248,erfan,خود با دو جهان چه کار ما را ‪ ما عاشق چهره نگاریم
249,erfan,از سر بیرون نکنم آرزوی خاک درت ‪ در آن زمان که مرا خاک بر سر انبارند
250,erfan,از آن به خاک درت مست می‌سپارم جان ‪ که هم به کوی تو مستم به خاک بسپارند
251,erfan,به امید آن که بر من بگذری ‪ با زمین یکسان شدم ای جان من
252,erfan,شد خاک بر درش سر جامی ولی هنوز ‪ سودای پای بوس وی از سر به در نکرد
253,erfan,آتش عشق تو در سینه من ننشیند ‪ مگر آن روز که در خاک نشانی بدنم
254,erfan,آنان که محیط فضل و آداب شدند ‪ در جمع کمال شمع اصحاب شدند
255,erfan,زین شب تاریک نبردند برون ‪ گفتند فسانه‌ای و در خواب شدند
256,erfan,آنکه پر نقش زد در این دایره مینایی‪ کس ندانست که در گردش پرگار چه کرد
257,erfan,کس ز آغاز و ز انجام جهان آگه نیست ‪ اول و آخر این کهنه کتاب افتاده است
258,erfan,جنگ هفتاد و دو ملت همه را عذر بنه ‪ چون ندیدند حقیقت ره افسانه زدند
259,erfan,بروطواف دلی کن که کعبه مخفی است ‪ که آن خلیل بناکرد و این خداخودساخت
260,erfan,بدین فردی که آمد حبه دل ‪ خداوند دو عالم راست منزل
261,erfan,آیینه سکندر جام می‌است بنگر ‪ تا برتو عرضه دارد احوال ملک دارا
262,erfan,کعبه خود سنگ نشانی است که ره گم نشود ‪ حاجی احرام دگر بند ببین یار کجاست
263,erfan,صوفی بیا که کعبه مقصود در دل است ‪ حاجی به هرزه راه بیابان گرفته است
264,erfan,تا به جایی می‌رسی که می‌نرسد ‪ پای اوهام و پایه افکار
265,erfan,از جمادی مردم و نامی شدم ‪ و زنما مردم ز حیوان سر زدم
266,erfan,و ز ملک بایدم پران شوم ‪ آن چه اندر وهم نیاید آن شوم
267,erfan,رسد آدمی به جایی که جز خدا نبیند ‪ بنگر که تا چه حد است مکان آدمیت
268,erfan,بار یابی به محفلی کان جا ‪ جبرییل امین ندارد بار
269,erfan,شبی برنشست از فلک بر گذشت ‪ به تمکین و جاه از ملک برگذشت
270,erfan,چنان گرم در تیه قربت براند ‪ که در سدره جبرییل از او باز ماند
271,erfan,مگر آدمی نبودی که اسیر دیو ماندی‪ که فرشته ره ندارد به مکان آدمیت
273,khodavand,نتوان وصف تو گفتن که تو در فهم نگنجی ‪ نتوان شبه تو گفتن که تو در وهم نیایی
274,khodavand,ای برتر از خیال و قیاس و گمان و وهم ‪ و ز هرچه گفته‌اند و شنیده‌ایم و خوانده ایم
275,khodavand,کسی ماهیت ذاتش نداند ‪ که کس با او و او با کس نماند
276,khodavand,نه بر اوج ذاتش پرد مرغ وهم ‪ نه در ذیل وصفش رسد دست فهم
277,khodavand,مجلس تمام گشت و به آخر رسید عمر ‪ ما همچنان در اول وصف تو مانده ایم
279,khodavand,به قیاس در نگنجی و به وصف در نیایی ‪ متحیرم در اوصاف جمال و روی زیبت
280,khodavand,ای صمدی که از ادراک خلق جدایی و ای احدی که در ذات و صفات بی همتایی
281,khodavand,ما به فلک بوده‌ایم یار ملک بوده‌ایم ‪ باز همان جا رویم جمله که آن شهر ماست
282,khodavand,مایه خوشدلی آنجاست که دلدار آنجاست ‪ می کنم جهد که خود را مگر آنجا فکنم
283,khodavand,ما ز دریاییم و دریا می‌رویم ‪ ما زباالییم و باال می‌رویم
284,khodavand,چنین قفس نه سزای چو من خوش الحانی است ‪ روم به روضه رضوان که مرغ آن چمنم
285,khodavand,هرکسی کاو دور ماند از اصل خویش‪ باز جوید روزگار وصل خویش
286,khodavand,دال تا کی در این زندان فریب این و آن بینی ‪ یکی زین چاه ظلمانی برون شو تا جهان بینی
287,khodavand,بلبل گلشن قدسم شده از جور فلک ‪ بی گنه بسته زندان و گرفتار قفس
288,khodavand,من ملک بودم و فردوس برین جایم بود ‪ آدم آورد در این خراب آبادم
289,khodavand,باز خواهم بسوی مسکن عقبی رفتن ‪ چه کنم گلخن دنیا پس از اینم بس و بس
290,khodavand,جان که از عالم باالست یقین می‌دانم ‪ رخت خود باز برآنم که همان جا فکنم
291,khodavand,سیمرغ جان کجا کند از گلخن آشیان ‪ کاو را هوای تربت آن سبز گلشن است
295,khodavand,هیچ ازدنیا و عقبی نبود گوشه خاطر ‪ که به دیدارتو شغل است و فراغ از دو جهانم
296,khodavand,خود را بر در بگذار و درآی ‪ …
297,khodavand,یک قدم برسروجود نهی ‪ وان دگر برودود نهی
298,khodavand,نشان خواهی از وی ز خود بی نشان شو ‪ که من زو نشان جستم از بی نشانی
299,khodavand,هر عصب و فکر به منبع بی شایبه ایمان وصل بود که خوب و بد را به عنوان مشیت الهی می‌پذیرفت‪ 
300,khodavand,زاهدان را زهد و ما را عشق خوبان شد نصیب ‪ هر کسی را در ازل خود آنچه قسمت بود داد
301,khodavand,در طریقت هر چه پیش سالک آید خیر اوست ‪ در صراط مستقیم ای دل کسی گمراه نیست
302,khodavand,مرا جفا و وفای تو پیش یکسان است ‪ هر چه دوست پسندد به جای دوست نکوست
303,khodavand,ز چرخ آمد همه چیزی نوشته ‪ نوشته با روان ما سرشته
304,khodavand,نوشته جاودان دیگر نگردد ‪ به رنج و کوشش از ما برنگردد
305,khodavand,ز چرخ آمد قضا نه از کام مردم ‪ ازیرا بنده آمد نام مردم
306,khodavand,نیکی و بدی که در نهاد بشر است ‪ شادی و غمی که در قضا و قدر است
307,khodavand,محبوسم و طالع است منحوسم ‪ غمخوارم و اختراست خونخوارم
308,khodavand,سر سازگاری ندارد سپهر ‪ کمر بسته بر کین ما ماه و مهر
309,khodavand,کار عالم سست بنیاد آمده است ‪ آسمان را پیشه بیداد آمده است
310,khodavand,ز آسمان هر سنگ بیدادی که آمد بر زمین ‪ کرد بخت بد من مدد کان بر سبوی من رسید
311,khodavand,کوکب بخت مرا هیچ منجم نشناخت ‪ یا رب از مادر گیتی بچه طالع زادم 
312,khodavand,هر آنکه گردش گیتی به کین او برخواست ‪ به غیر مصلحتش رهبری کند ایام
313,khodavand,ز نوای مرغ یا حق بشنو که در دل شب ‪ غم دل به دوست گفتن چه خوش است شهریارا
314,khodavand,سحر بر شاخسار بوستانی ‪ چه خوش می‌گفت مرغ نغمه خوانی
315,khodavand,هر چه اندر سینه داری ‪ سرودی ‪ ناله‌ای ‪ آهی ‪ فغانی
316,khodavand,گفتم این شرط آدمیت نیست ‪ مرغ تسبیح گوی و من خاموش
317,khodavand,من نمازم را وقتی میخوانم ‪ که اذانش را باد گفته باشد سر گل دسته سرو ‪ من نمازم را پی تکبیره االحرام علف
319,khodavand,بنفشه در رکوع آمد چو سنبل در خشوع آمد ‪ چو نرگس چشمکش می‌زد که وقت اعتبار آمد
320,khodavand,یسبح اهلل ما فی السموات و ما فی االرض
321,khodavand,ز یزدان دان نه از ارکان که کوته دیدگی باشد ‪ که خطی کز خرد خیزد تو آن را از بنان بینی
322,khodavand,چه اندیشی ازخود که فعلم نکوست ‪ از آن درنگه کن که توفیق اوست
323,khodavand,به سعی خود نتوان برد پی به گوهر مقصود‪ خیال باشد کاین کاربی حواله برآید
324,khodavand,گرچه تیر از کمان همی گذرد ‪ از کمان دار بیند اهل خرد
325,khodavand,سعادت به بخشایش داور است ‪ نه در چنگ و بازوی زور آور است
326,khodavand,گر از حق به توفیق خیری رسد ‪ کی از بنده چیزی به غیر رسد
327,khodavand,باران رحمت بی حسابش همه را رسیده و خوان نعمت بی دریغش همه جا کشیده ‪ پرده ناموس بندگان به گناه
328,khodavand,ندرد و وظیفه روزی به خطای منکر نبرد ‪ 
329,khodavand,ولیکن خداوند باال و پست ‪ به عصیان دررزق برکس نبست
330,khodavand,ادیم زمین سفره عام اوست ‪ برین خوان یغما چه دشمن چه دوست
331,khodavand,دوکونش یکی قطره ازبحرعلم ‪ گنه بیند و پرده پوشد به حلم
332,khodavand,ابر و باد و مه و خورشیدو فلک درکارند ‪ تا تو نانی به کف آری و به غفلت نخوری
333,khodavand,لطیف کرم گستر کارساز ‪ که دارای خلق است و دانای راز
334,khodavand,این همه شهد وشکر کز سخنم می‌ریزد ‪ اجر صبری است کزان شاخه نباتم دادند
335,khodavand,من اگرکامروا گشتم و خوشدل چه عجب ‪ مستحق بودم و این‌ها به زکاتم دادند
337,khodavand,عزیزی و خواری تو بخشی و بس ‪ عزیز تو خواری نبیند ز کس
338,khodavand,یکی را ز ماهی رساند به ماه ‪ یکی را زمه اندر آرد به چاه
339,khodavand,یکی را به سر نهد تاج بخت ‪ یکی را به خاک اندر آرد ز تخت
340,akhlagh,شد اوج وصل بر من مسکین حضیض هجر ‪ دیشب سپهر بودم و امشب زمین شدم
341,akhlagh,بر آن نسق نبود وضع روزگار که بود ‪ زمان به رنگ دگر شد زمین به رنگ دگر
342,akhlagh,جهان بر آب نهاده است و زندگی بر باد ‪ غالم همت آنم که دل بر او ننهاد
343,akhlagh,چون هست و نیست هیچ نماند به قرار ‪ آن به کز آن به یاد نیاید دل تو را
344,akhlagh,چنین است رسم سرای درشت ‪ گهی پشت بر زین گهی زین به پشت
345,akhlagh,بیخی نشان که دولت باقیت بردهد ‪ کاین عمر گاه خزان است و گه بهار
346,akhlagh,بر مهر چرخ و شیوه‌ی او اعتماد نیست ‪ ای وای بر کسی که شد ایمن ز مکر وی
347,akhlagh,چه باید نازش و نالش بر اقبالی و ادباری ‪ که تا بر هم زنی دیده نه این بینی نه آن بینی
348,akhlagh,گر ملک کاینات ز دستت برون شود ‪ هان تا غمش ز جان نرباید دل تو را
349,akhlagh,مرا زبخت همی گل شکفتی از برگل ‪ به غیر خار نرویید کنونم از بر خار
350,akhlagh,بهار عمر مرا چو رسید فصل خزان ‪ به کوه و صحرا خواهی خزان و خواه بهار
351,akhlagh,زمانه شکل دیگر گشت و رفت آن مهربانی‌ها ‪ همه خونابه حسرت شده است آن دوست کامی ها
352,akhlagh,فراغت و طلب و امن عیش و شباب ‪ ببرد از من یک یک زمانه غدار
353,akhlagh,آن مصر مملکت که تو دیدی خراب شد ‪ و آن نیل مکرمت که شنیدی سراب شد
354,akhlagh,جهان پیراست و بی بنیاد ازاین فرهاد کش فریاد ‪ که کرد افسون و نیرنگش ملول از جان شیرینم
355,akhlagh,اگر بودی جهان را پایداری ‪ به هرکس چون رسیدی شهریاری
356,akhlagh,می رود صبح و اشارت می‌کند ‪ کاین گلستان خنده واری بیش نیست
357,akhlagh,الله و گل زخمی خمیازه‌اند ‪ عیش این گلشن خماری بیش نیست
358,akhlagh,تا به کی نازی به حسن عاریت ‪ ماو من آیینه داری بیش نیست
359,akhlagh,برگ عدم سازکن دال که دراین عهد ‪ عمرطبیعی نصیب برق و شراراست
360,akhlagh,مهمان سراست خانه دنیا که اندراو ‪ یک روزاین بیاید و یک روز او رود
361,akhlagh,برکام دل به گردش ایام دل مبند ‪ کاین چرخ کج مدار نه برآرزو رود
362,akhlagh,جهان را چون رباطی با دودردان ‪ که چون زین دردآیی بگذری زان
363,akhlagh,الدهر یومان ‪ یوم لک و یوم علیک 
364,akhlagh,درطبع جهان اگر وفایی بودی‪ نوبت به تو خود نیامدی ازدگران
365,akhlagh,آن که گویند که بر آب نهادست جهان ‪ مشنو ای خواجه که تا در نگری بر باد است
366,akhlagh,یار ناپایدار دوست مدار ‪ دوستی را نشاید این غدار
367,akhlagh,خیمه انس مزن بر در این کهنه رباط ‪ که اساسش همه بی موقع و بی بنیاد است
368,akhlagh,سفله طبع است جهان بر کرمش تکیه نکن ‪ ای جهان دیده ثبات قدم از سفله مجوی
369,akhlagh,شمال و غرب وجنوب پریشان وآشفته اند‪ تاج‌ها درهم می‌شکند و امپراتوری‌ها به خویش می‌لرزد
370,akhlagh,جز افسون و افسانه نبود جهان ‪ که بستند چشم خشایارها
371,akhlagh,تکیه بر اختر شب گرد مکن کاین عیار ‪ تاج کاووس ربود و کمر کیخسرو
372,akhlagh,کمند صید بهرامی بیفکن جام جم بردار ‪ که من پیمودم این صحرا نه بهرام است و نه گورش
373,akhlagh,چندین تن جباران کاین خاک فروخورده است ‪ این گرسنه چشم آخر هم سیر نشد ز ایشان
374,akhlagh,کسی که تاج به سر داشت بامداد پگاه ‪ نمازم او را خشت زیر سر دیدم
375,akhlagh,بادت به دست باشد اگر دل نهی به هیچ ‪ در معرضی که تخت سلیمان رود به باد
376,akhlagh,سر الب ارسالن دیدی ز رفعت رفته بر گردون ‪ به مرو آ تاکنون در گل تن الب ارسالن بینی
377,akhlagh,بهرام که گور می‌گرفتی همه عمر ‪ دیدی که چگونه گور بهرام گرفت
378,akhlagh,گفتی که کجا رفتند آن تاجوران اینک ‪ ز ایشان شکم خاک است آبستن جاویدان
379,akhlagh,بسا کسا که مه و مهر باشدش بالین ‪ به عاقبت ز گل و چوب گرددش بستر
381,akhlagh,از گزند داس دروگر وقت هیچ روینده را زنهار نیست
382,akhlagh,گل همین پنج روز و شش باشد ‪ وین گلستان همیشه خوش باشد
383,akhlagh,لیک آن کس که زندگانی داد ‪ داده خویش باز می‌خواهد
384,akhlagh,زین ترش بودنت در این زندان ‪ مرگ را کند کی شود دندان
385,akhlagh,هرکس راه خوابگاهی رفت ‪ چون که هنگام خوابش آمد خفت
386,akhlagh,آسایش دو گیتی تفسیر این دوحرف است ‪ با دوستان مروت با دشمنان مدارا
387,akhlagh,در میان جاهل و کامل بود فرقی سلیم ‪ مدعی‌گر با تو بد باشد تو با او خوب باش
388,akhlagh,طریق زندگی با دوستان بنگر چسان است ‪ تو را هرگاه می‌گویند با دشمن مدارا کن
389,akhlagh,آفرین بر دل نرم تو که از بهر ثواب ‪ کشته غمزه خود را به نماز آمده ای
390,akhlagh,با تو گویم که چیست غایت حلم ‪ هر که زهرت دهد شکر بخشش
391,akhlagh,اذهبا الی فرعون انه طغی فقوال به قوال لینا 
392,akhlagh,شمع جویی و آفتاب بلند ‪ روز بس روشن است و تو در شب تار
393,akhlagh,سالها دل طلب جام جم از ما می‌کرد ‪ و آنچه خود داشت ز بیگانه تمنا می‌کرد
394,akhlagh,زهی نادان که او خورشید تابان ‪ به نور شمع جوید در بیابان
395,akhlagh,هست حق از ما به ما نزدیکتر ‪ ما ز دوری گشته جویان در به در
396,akhlagh,ای در میان جانم و جان از تو بی خبر ‪ وز تو جهان پر است و جهان از تو بی خبر
397,akhlagh,بیدلی در همه احوال خدا با او بود ‪ او نمی‌دیدش از او دور خدایا می‌کرد
398,akhlagh,معشوق تو همسایه دیوار به دیوار ‪ در بادیه سرگشته شما در چه هوایید 
399,akhlagh,چه کنم با که توان گفت که دوست ‪ در کنار من و من مهجورم
400,akhlagh,غرق آبیم و آب می‌جوییم ‪ در وصالیم و بی خبر از وصال
401,akhlagh,آه کز روی دوست مهجوریم ‪ یار ما با ما و ما از او دوریم
402,akhlagh,آب در کوزه و ما تشنه لبان می‌گردیم ‪ یار در خانه و ما گرد جهان می‌گردیم
403,akhlagh,آفتاب آمد دلیل آفتاب ‪ گر دلیلت باید از وی رو متاب
404,akhlagh,ازدرد برآیینه دل کردندارم ‪ دارم گله از چشم خود ازدرد ندارم
405,akhlagh,اگرشادی است مارا گرغم ازماست ‪ که برما هرچه می‌آید هم ازماست
406,akhlagh,از که نالم که فغان زین دل ریش است مرا ‪ هر بالیی که بود از دل خویش است مرا
407,akhlagh,اگر ز دست بال بر فلک رود بد خوی ‪ ز دست خوی بد خویش در بال باشد
408,akhlagh,کرم درخت از خود درخت است 
409,akhlagh,راستی مایه رضای خداست ‪ کس ندیدم که گم شود از ره راست
410,akhlagh,نقش کژ محو کن ز تخته دل ‪ تا شود کشف بر تو هر مشکل
411,akhlagh,راستی شغل نیک بختان است ‪ هر که را هست نیکبخت آن است
412,akhlagh,گر کجی را شقاوت است اثر ‪ راستی را سعادت است اثر
413,akhlagh,یوسف از راستی رسید به تخت ‪ راستی کن که راست گردد تخت
415,akhlagh,راستی را بقا کلید آمد ‪ معجز از بحر آن پدید آمد
416,akhlagh,چون ورا بود راست کرداری ‪ خوب او گشت قفل بیداری
417,akhlagh,راستی کن که راستان رستند ‪ در جهان راستان قوی دستند
418,akhlagh,هر که او پیشه راستی دارد ‪ نقد معنی در آستین دارد
419,akhlagh,راستی زهری است شکرین انجام ‪ کج نباتی که تلخ سازد کام
420,akhlagh,راستی کن که اندرین دسته ‪ نشوی جز به راستی رسته
421,akhlagh,راست شو تا به راستان برسی ‪ خاک شو تا بر آستان برسی
422,akhlagh,در خیال دروغ بی مددی است ‪ راستی حکم نامه ابدی است
423,akhlagh,راستی کن که در دو جهان ‪ به جز از راستیت برهاند
424,akhlagh,راستی آور که شوی رستگار ‪ راستی از نظر تو ظفر از کردگار
425,akhlagh,عاشقی چیست به جان بنده جانان بودن ‪ گر لبش جان طلبد دادن و خندان بودن
426,akhlagh,صبح امید که بد معتکف پرده غیب‪ گو برون آی که کارشب تارآخرشد
427,akhlagh,بعد نوامیدی بسی امیداست ‪ ازاین پس ظلمت دوصد خورشیدهاست
428,akhlagh,پس از تیرگی روشنی گیرد آب ‪ برآید پس ازتیره شب آفتاب
429,akhlagh,اگر چند باشد شب دیر باز ‪ بر او تیرگی نماند دراز
430,akhlagh,نا امید از روشنی ای دل به تاریکی مباش ‪ زان که شام هجر را صبح وصالی در پی است
431,akhlagh,شلخته دروکنید تا چیزی گیر خوشه چین‌ها بیاید ‪ 
432,akhlagh,ثوابت باشد ای دارای خرمن ‪ اگر رحمی کنی بر خوشه چینی
433,akhlagh,پدرم دریا دل بود ‪ در التی کار شاهان را می‌کرد
434,akhlagh,در کوی می‌کشان نبود راه بخل را ‪ این جا ز دست خشک سبوی آب می‌چکد
435,akhlagh,معاش اهل مروت بدین نسق بوده است ‪ که جان خود به مروت نثار می‌کردند
436,akhlagh,به اتفاق ز بهر حیات یکدیگر ‪ هالک خویش همه اختیار می‌کردند
437,akhlagh,و یوثرون علی انفسهم و لو کان بهم خصاصه
438,akhlagh,ای صاحب کرامت شکرانه سالمت ‪ روزی تفقدی کن درویش بی نوا را
439,akhlagh,ده روزه مهر گردون افسانه است و افسون ‪ نیکی به جای یاران فرصت شمار یارا
440,akhlagh,ای شرر از همرهان غافل مباش ‪ فرصت ما نیز باری بیش نیست
441,akhlagh,دریاب کنون که نعمتت هست به دست ‪ کاین دولت و ملک می‌رود دست به دست
442,akhlagh,زمانه در گذر است و عجل ز پی تازان ‪ به هوش باش که فرصت ز دست نگذری
443,akhlagh,هرکه فریاد رس روز مصیبت خواهد ‪ گو درایام سالمت به جوانمردی کوش
444,akhlagh,ببخشای بر مردم مستمند ‪ نیاور دلش سوی درد و گزند
445,akhlagh,نیم نانی‌گر خورد مرد خدا ‪ بذل درویشان کند نیمی دگر
446,akhlagh,به نوبت اند ملوک اندر این سپنج سرای ‪ و کنون که نوبت توست ای ملک به عدل گرای
447,akhlagh,توانگرا دل درویش خود به دست آور ‪ که مخزن زر و گنج و درم نخواهد ماند
448,akhlagh,دایم گل این بستان شاداب نمی‌ماند ‪ دریاب ضعیفان را در وقت توانایی
449,akhlagh,سر گرگ باید هم اول برید ‪ نه چون گوسفندان مردم درید
450,akhlagh,ببند ای پسر دجله در آب کاست ‪ که سودی ندارد چو سیالب خاست
451,akhlagh,سرچشمه شاید گرفتن به بیل ‪ چو پر شد نشاید گذشتن به پیل
452,akhlagh,هر غمی را فرجی است و لیکن ترسم ‪ پیشم از آنم بکشد زهر که تریاق رسد
453,akhlagh,مکافات موذی به مالش نکن ‪ که بیخش برآورد باید ز بن
454,akhlagh,مکن صبر بر عامل ظلم دوست ‪ چه از فربهی بایدش کند پوست
455,akhlagh,امروز بکش چو می‌توان کشت ‪ کآتش چو بلند شد جهان سوخت
457,akhlagh,بمیر ای دوست پیش از مرگ‪ دمی‌گر زندگی خواهی ‪ که ادریس از چنین مردن بهشتی گشت پیش از ما
458,akhlagh,همان به کین نصیحت یاد گیریم ‪ که پیش از مرگ یک نوبت بمیریم
459,akhlagh,پیش از آن کن حساب خود که تو را ‪ دیگری در حساب گیرد سخت
460,akhlagh,آخر کار نیست خواهی شد ‪ نیست شو پیش از آن که نیست شوی
461,akhlagh,امیدوار بود آدمی به خیر کسان ‪ ما را به خیر تو امید نیست شرمرسان
462,akhlagh,اگر ب ه جای خلق نیکویی نتوان کردن ‪ باری بدخویش ازایشان بازدار
463,akhlagh,از طال گشتن پشیمان گشته‌ایم ‪ مرحمت فرموده ما را مس کنید
464,akhlagh,دانی چه کنی مرا به من بازگذار ‪ وین دست عنایت از سر من بردار
465,akhlagh,کرد فرامش ره و رفتار خویش ‪ مانده غرامت زده از کار خویش
466,akhlagh,در چابکی طریق تو ورزند نیکوان ‪ لیکن خرام کبک دری نیست کار زاغ
467,akhlagh,کالغی تک کبک در گوش کرد ‪ تک خویشتن را فراموش کرد
468,akhlagh,پی تقلید رفتن از کوری است ‪ در هر کس زدن ز بی نوری است
469,akhlagh,مشو مقلد همراه اگر چه توفیق است ‪ که از جریده روی کار مهر باال گرفت
470,akhlagh,از ره تقلید اگر حاصل شود کسب کمال ‪ هر که گردد خم نشین باید که افالطون شود
471,akhlagh,ز مغرور دنیا ره دین مجوی ‪ خدا بینی از خویشتن بین مجوی
472,akhlagh,به هر بدت خرسند باید بدن ‪ که از بد بدتر نیز شاید بدن
473,akhlagh,بزرگان نکردند در خود نگاه ‪ خدابینی از خویشتن بین مخواه
474,akhlagh,طریقت جز این نیست درویش را ‪ که افکنده دارد تن خویش را
475,akhlagh, 
476,akhlagh,مرد آن بود که درمیان خلق بنشیند و برخیزد و بخورد و بخسبد و بخرد و بفروشد و زن خواهد ‪ 
477,akhlagh,نیست بازآمدن از فکر و خیال تو مرا ‪ با رفیقان موافق سفر دور خوش است
479,akhlagh,ای دوست بیا تا غم فردا نخوریم وین یکدم عمر را غنیمت شمریم
480,akhlagh,فردا که ازین دیر کهن در گذریم با هفت هزار سالگان سر بسریم
481,akhlagh,مرو راهی که با ریگی بلغزی مشو بیدی که با بادی بلرزی
482,akhlagh,تو را قدر و تو را قیمت گران است مکن کاری که یک ارزن نیرزی
483,akhlagh,علاج واقعه پیش از وقوع باید کرد دریغ سود ندارد چو رفت کار از دست
484,akhlagh,به روزگار سلامت سلاح جنگ بساز وگرنه سیل چو بگرفت سد نشاید بست
485,akhlagh,با جوانی سر خوش است این پیر بی تدبیر را جهل باشد با جوانان پنجه کردن پیر را
486,akhlagh,روز بازار جوانی پنج روزی بیش نیست نقد را باش ای پسر کآفت بود تاخیر را
487,akhlagh,ای که گفتی دیده از دیدار بت رویان بدوز هر چه گویی چاره دانم کرد جز تقدیر را
488,akhlagh,زهد پیدا کفر پنهان بود چندین روزگار پرده از سر برگرفتیم آن همه تزویر را
489,akhlagh,سعدیا در پای جانان‌گر به خدمت سر نهی همچنان عذرت بباید خواستن تقصیر را
490,akhlagh,آیین برادری و شرط یاری آن نیست که عیب من هنر پنداری
491,akhlagh,آنست که‌گر خلاف شایسته روم از غایت دوستیم دشمن داری
492,akhlagh,اگر تو فارغی از حال دوستان یارا فراغت از تو میسر نمی‌شود ما را
493,akhlagh,تو را در آینه دیدن جمال طلعت خویش بیان کند که چه بودست ناشکیبا را
494,akhlagh,بیا که وقت بهارست تا من و تو به هم به دیگران بگذاریم باغ و صحرا را
495,akhlagh,ای بی‌تو فراخای جهان بر ما تنگ ما را به تو فخرست و تو را از ما ننگ
496,akhlagh,ما با تو به صلحیم و تو را با ما جنگ آخر بنگویی که دلست این یا سنگ
497,akhlagh,سعدیا گرچه سخندان و مصالح گویی به عمل کار برآید به سخندانی نیست
498,akhlagh,بنشینم و صبر پیش گیرم دنباله کار خویش گیرم
499,akhlagh,گویند تمنایی از دوست بکن سعدی جز دوست نخواهم کرد از دوست تمنایی
500,akhlagh,به راه بادیه رفتن به از نشستن باطل اگر مراد نیابم بقدر وسع بکوشم
501,akhlagh,قرار بر کف آزادگان نگیرد مال نه صبر در دل عاشق نه آب در غربال
502,akhlagh,اگر مراد نصیحت کنان ما این است که ترک دوست بگوییم تصوریست محال
503,akhlagh,ای خردمند که گفتی نکنم چشم به خوبان به چه کارآیدت آن دل که به خوبان نسپاری
504,akhlagh,بسیار سفر باید تا پخته شود خامی صوفی نشود صافی تا در نکشد جامی
505,akhlagh,دریغا که بر خوان الوان عمر دمی خورده بودیم و گفتند بس
506,akhlagh,ای که گفتی مرو اندر پی خوبان زمانه ما کجاییم در این بحر تفکر تو کجایی
507,akhlagh,ای مرغ سحر عشق ز پروانه بیاموز کان سوخته را جان شد و آواز نیامد
508,akhlagh,این مدعیان در طلبش بی خبرانند آن را که خبر شد خبری باز نیامد
509,akhlagh,چرخ شنید ناله‌ام گفت منال سعدیا کاه تو تیره می‌کند آیینه جمال من
511,akhlagh,به روزگار سلامت سلاح جنگ بساز وگرنه سیل چو بگرفت سد نشایدبست
515,akhlagh,زهد پیدا کفر پنهان بود چندین روزگار پرده از سر برگرفتیم آن همه‌ی تزویر را
516,akhlagh,سعدیا در پای جانان‌گر به خدمت سر نهی همان‌ گونه عذرت بباید خواستن تقصیر را
517,akhlagh,بر خیز و مخور غم جهان گذران خوش باش و دمی به شادمانی گذران
518,akhlagh,در طبع جهان اگر وفایی بودی نوبت به تو خود نیامدی از دگران
519,akhlagh,از آمدن و رفتن ما سودی کو وز تار وجود عمر ما پودی کو
520,akhlagh,در چنبر چرخ جان چندین پاکان می‌سوزد و خاک می‌شود دودی کو
521,akhlagh,تا کی غم آن خورم که دارم یا نه وین عمر به خوشدلی گذارم یا نه
522,akhlagh,پر کن قدح باده که معلومم نیست کاین دم که فرو برم برآرم یا نه
523,akhlagh,ای کاش که جای آرمیدن بودی یا این ره دور را رسیدن بودی
524,akhlagh,کاش از پی صد هزار سال از دل خاک چون سبزه امید بر دمیدن بودی
525,akhlagh,آنان که ز پیش رفته‌اند ای ساقی در خاک غرور خفته‌اند ای ساقی
526,akhlagh,رو باده خور و حقیقت از من بشنو باد است هر آن چه گفته‌اند ای ساقی
527,akhlagh,در کارگه کوزه‌گری کردم رای بر پله چرخ دیدم استاد بپای
528,akhlagh,می‌کرد دلیر کوزه را دسته و سر از کله پادشاه و از دست گدای
529,akhlagh,هنگام سپیده دم خروس سحری دانی که چرا همی کند نوحه‌گری
530,akhlagh,یعنی که نمودند در آیینه صبح کز عمر شبی گذشت و تو بی خبری
531,akhlagh,مرا عهدیست با شادی که شادی آن من باشد
532,akhlagh,مرا قولیست با جانان که جانان جان من باشد
533,akhlagh,به خط خویشتن فرمان به دستم داد آن سلطان
534,akhlagh,آن یکی خر داشت پالانش نبود یافت پالان گرگ خر را درربود
535,akhlagh,کوزه بودش آب می‌نامد به دست آب را چون یافت خود کوزه شکست
536,akhlagh,سر ناکسان را برافراشتن وز ایشان امید بهی داشتن
537,akhlagh,سر رشته خویش گم کردن است به جیب اندرون مار پروردن است
538,akhlagh,تا که بودیم نبودیم کسی کشت ما را غم بی هم نفسی
539,akhlagh,تا که رفتیم همه یار شدند تا که مردیم همه بیدار شدند
540,akhlagh,قدر آیینه بدانید چو هست نه در آن وقت که افتاد و شکست
541,akhlagh,گویند بهشت و حور و کوثر باشد جوی می‌و شیر و شهد و شکر باشد
542,akhlagh,ﺻﺪ ﺳﺎﻝ ﺭﻩ ﻣﺴﺠﺪ ﻭ ﻣﯿﺨﺎﻧﻪ ﺑﮕﯿﺮﯼ ﻋﻤﺮﺕ ﺑﻪ ﻫﺪﺭ ﺭﻓﺘﻪ ﺍﮔﺮ ﺩﺳﺖ ﻧﮕﯿﺮﯼ
543,akhlagh,ﺑﺸﻨﻮ ﺍﺯ ﭘﯿﺮ ﺧﺮﺍﺑﺎﺕ ﺗﻮ ﺍﯾﻦ ﭘﻨﺪ ﻫﺮ ﺩﺳﺖ ﮐﻪ ﺩﺍﺩﯼ ﺑﻪ ﻫﻤﺎﻥ ﺩﺳﺖ ﺑﮕﯿﺮﯼ
544,akhlagh,این همه نقش عجب بر در و دیوار وجود هر که فکرت نکند نقش بود بر دیوار
545,akhlagh,خبرت هست که مرغان سحر می‌گویند آخر ای خفته سر از خواب جهالت بردار
546,akhlagh,دیده‌های عقل گر بینا شوند خود فروشان زودتر رسوا شوند
547,akhlagh,دزد زر بستند و دزد دین رهید شحنه ما را دید و قاضی را ندید
548,akhlagh,ساقیا در ساغر هستی شراب ناب نیست و آنچه در جام شفق بینی به جز خوناب نیست
549,akhlagh,زندگی خوشتر بود در پرده وهم و خیال صبح روشن را صفای سایه مهتاب نیست
550,akhlagh,هزار قرن ندیدن ز روشنی اثری هزار مرتبه بهتر ز خویشتن دیدن
551,akhlagh,هوای نفس چو دیویست تیره دل پروین بتر ز دیو پرستی است خودپرستیدن
552,akhlagh,گر نمی‌خواهی در آتش سوختن بایدت اندرز ما آموختن 
553,akhlagh,دام‌ها بینم به راه تو نهان رفتنت باشد همان مردن همان 
554,akhlagh,چون جواب احمق آمد خامشی این درازی در سخن چون می‌کشی
555,akhlagh,گر خدا داری ز غم آزاد شو از خیال بیش و کم آزاد شو
556,akhlagh,رسیده‌ام به خدایی که اقتباسی نیست شریعتی که در آن حکم‌‌ها قیاسی نیست
557,akhlagh,فقط به فکر خودت باش ای دل عاشق که خودشناسی تو جز خداشناسی نیست
558,akhlagh,عارف که ز سر معرفت آگاه است بی خود زخودست و با خدا همراه است
559,akhlagh,نفی خود و اثبات وجود حق کن این معنی لا اله الا الله است
560,akhlagh,این نمکدان خدا جنس عجیبی دارد هر چقدر می‌شکنیم باز نمک‌ها دارد …
561,akhlagh,ﮔﺮ ﮔﻨﺎﻫﻢ ﺳﺨﺖ ﺑﺴﯿﺎﺭﺳﺖ ﺭﺣﻤﺖ ﻧﯿﺰ ﻫﺴﺖ ﺑﺮ ﮔﻨﺎﻩ ﺳﺨﺖ ﺑﺴﯿﺎﺭﻡ ﺧﺪﺍﻭﻧﺪﺍ ﺑﺒﺨﺶ
562,akhlagh,ﭼﻮﻥ ﭘﺬﯾﺮﻓﺘﺎﺭ ﺑﺪﺭﻓﺘﺎﺭ ﻧﺎﺩﺍﻧﺎﻥ ﺗﻮﯾﯽ ﺑﺮ ﻣﻦ ﻧﺎﺩﺍﻥ ﻭ ﺭﻓﺘﺎﺭﻡ ﺧﺪﺍﻭﻧﺪﺍ ﺑﺒﺨﺶ
563,akhlagh,ﻣﺎﯾﻪﺩﺍﺭﺍﻥ ﻧﻘﺪ ﺭﻭﺯ ﺭﻓﺘﻪ ﺑﺎﺯﺁﺭﻧﺪ ﻭ ﻣﻦ ﺑﯽ ﺯﺭ ﺍﯾﻦ ﺷﻬﺮ ﻭ ﺑﺎﺯﺍﺭﻡ ﺧﺪﺍﻭﻧﺪﺍ ﺑﺒﺨﺶ
564,akhlagh,پناه بلندی و پستی تویی همه نیستند آنچه هستی تویی
565,akhlagh,همه آفریدست بالا و پست تویی آفریننده هر چه هست
566,akhlagh,تویی برترین دانش آموز پاک ز دانش قلم رانده بر لوح خاک
567,akhlagh,خرد را تو روشن بصر کرده‌ای چراغ هدایت تو بر کرده‌ای
568,akhlagh,نبود آفرینش تو بودی خدای نباشد همی هم تو باشی به جای
569,akhlagh,لطف الهی بکند کار خویش مژده رحمت برساند سروش
570,akhlagh,گر چه وصالش نه به کوشش دهند هر قدر ای دل که توانی بکوش
571,akhlagh,لطف خدا بیشتر از جرم ماست نکته سربسته چه دانی خموش
572,akhlagh,رندی حافظ نه گناهیست صعب با کرم پادشه عیب پوش
573,akhlagh,خدایا دانشی ده غم نگیرم بده آرامشی ماتم نگیرم
574,akhlagh,خدایا از شهامت بی نصیبم شهامت ده که آرامش بگیرم
575,akhlagh,خدایا این تفاوت بر من آموز که در گمراهی مطلق نمیرم
576,akhlagh,همه درگاه تو جویم همه از فضل تو پویم همه توحید تو گویم که به توحید سزایی
577,akhlagh,تو حکیمی تو عظیمی تو کریمی تو رحیمی تو نماینده‌ی فضلی تو سزاوار ثنایی
578,akhlagh,ما به دنبال خدا گم کردگان خویشتن در گذار عمر سرگرم چه بودیم ما و من
579,akhlagh,گر سینه شود تنگ خدا با ما هست گر پای شود لنگ خدا با ما هست
580,akhlagh,دل را به حریم عشق بسپار و برو فرسنگ به فرسنگ خدا با ما هست
581,akhlagh,خوشا آنان که الله یارشان بی بحمد و قل هو الله کارشان بی
582,akhlagh,خوشا آنان که دایم در نمازند بهشت جاودان بازارشان بی
583,akhlagh,خداوندا حضوری بخش ما را اجابت کن به فضلت این دعا را
584,akhlagh,خدا باشد به نزد اهل بینش نگهدار نظام آفرینش
585,akhlagh,به نام خداوند جان و خرد کزین برتر اندیشه برنگذرد
586,akhlagh,خداوند نام و خداوند جای خداوند روزی ده رهنمای
587,akhlagh,خداوند کیوان و گردان سپهر فروزنده ماه و ناهید و مهر
588,akhlagh,ز نام و نشان و گمان برترست نگارنده بر شده پیکرست
589,akhlagh,به بینندگان آفریننده را نبینی مرنجان دو بیننده را
590,akhlagh,نیابد بدو نیز اندیشه راه که او برتر از نام و از جایگاه
597,akhlagh,احد لیس کمثله صمد لیس له ضد لمن الملک تو گویی که مر آن را تو سزایی
598,akhlagh,لب و دندان سنایی همه توحید تو گوید مگر از آتش دوزخ بودش روی رهایی
599,akhlagh,ای همه هستی زتو پیدا شده خاک ضعیف از تو توانا شده
600,akhlagh,زیرنشین علمت کاینات ما به تو قایم چو تو قایم بذات
601,akhlagh,هستی تو صورت پیوند نی تو بکس و کس بتو مانند نی
602,akhlagh,آنچه تغیر نپذیرد تویی وانکه نمردست و نمیرد تویی
603,akhlagh,ما همه فانی و بقا بس تراست ملک تعالی و تقدس تراست
604,akhlagh,رفتی اگر نامدی آرام تو طاقت عشق از کشش نام تو
605,akhlagh,تا کرمت راه جهان برگرفت پشت زمین بار گران برگرفت
606,akhlagh,هر که نه گویای تو خاموش به هر چه نه یاد تو فراموش به
607,akhlagh,پرده برانداز و برون آی فرد گر منم آن پرده بهم در نورد
608,akhlagh,غنچه کمر بسته که ما بنده‌ایم گل همه تن جان که به تو زنده‌ایم
609,akhlagh,بنده نظامی که یکی گوی تست در دو جهان خاک سر کوی تست
610,akhlagh,خاطرش از معرفت آباد کن گردنش از دام غم آزاد کن
611,akhlagh,یا رب نظری بر من سرگردان کن لطفی به من دلشده حیران کن
612,akhlagh,با من مکن آنچه من سزای آنم آنچ از کرم و لطف تو زیبد آن کن
613,akhlagh,گرمورچه‌ای دم زند اندر ته چاه آگه ز دم مورچه و چاه تویی
614,akhlagh,ای تو ولی احسان دل ای حسن رویت دام دل ای از کرم پرسان دل وی پرسشت آرام دل
615,akhlagh,ز خاکی این همه اظهار کرد او ز دودی زینت پرگار کرد او
616,akhlagh,ز صنعش آدم از گل رخ نموده زوی هر لحظه صد پاسخ شنوده
617,akhlagh,ز علمش گشته آنجا صاحب اسرار خود اندر دید آدم کرده دیدار
618,akhlagh,نه کس زو زاده نه او زاده از کس یکی ذاتست در هر دوجهان بس
619,akhlagh,ز یکتایی خود بیچون حقیقت درون بگرفته و بیرون حقیقت
620,akhlagh,حقیقت علم کل او راست تحقیق دهد آن را که خواهد دوست توفیق
621,akhlagh,بداند حاجت موری در اسرار همان دم حاجتش آرد پدیدار
622,akhlagh,گاهى به‏ برگ لاله نویسد پیام خویش‏ گاهى درون سینه مرغان به‏ هاى و هوست‏
623,akhlagh,بشنو این نکته که خود را ز غم آزاده کنی خون خوری‌گر طلب روزی ننهاده کنی
624,akhlagh,آخرالامر گل کوزه گران خواهی شد حالیا فکر سبو کن که پر از باده کنی
625,akhlagh,گر از آن آدمیانی که بهشتت هوس است عیش با آدمی ای چند پری زاده کنی
626,akhlagh,تکیه بر جای بزرگان نتوان زد به گزاف مگر اسباب بزرگی همه آماده کنی
627,akhlagh,اجرها باشدت ای خسرو شیرین دهنان گر نگاهی سوی فرهاد دل افتاده کنی
628,akhlagh,خاطرت کی رقم فیض پذیرد هیهات مگر از نقش پراگنده ورق ساده کنی
629,akhlagh,کار خود‌گر به کرم بازگذاری حافظ ای بسا عیش که با بخت خداداده کنی
630,akhlagh,ای صبا بندگی خواجه جلال الدین کن که جهان پرسمن و سوسن آزاده کنی
631,akhlagh,روز وصل دوستداران یاد باد یاد باد آن روزگاران یاد باد
632,akhlagh,کامم از تلخی غم چون زهر گشت بانگ نوش شادخواران یاد باد
633,akhlagh,گر چه یاران فارغند از یاد من از من ایشان را هزاران یاد باد
634,akhlagh,مبتلا گشتم در این بند و بلا کوشش آن حق گزاران یاد باد
635,akhlagh,گر چه صد رود است در چشمم مدام زنده رود باغ کاران یاد باد
636,akhlagh,راز حافظ بعد از این ناگفته ماند ای دریغا رازداران یاد باد
637,akhlagh,ترسم که اشک در غم ما پرده در شود وین راز سر به مهر به عالم سمر شود
638,akhlagh,گویند سنگ لعل شود در مقام صبر آری شود ولیک به خون جگر شود
639,akhlagh,خواهم شدن به میکده گریان و دادخواه کز دست غم خلاص من آن جا مگر شود
640,akhlagh,از هر کرانه تیر دعا کرده‌ام روان باشد کز آن میانه یکی کارگر شود
641,akhlagh,ای جان حدیث ما بر دلدار بازگو لیکن چنان مگو که صبا را خبر شود
642,akhlagh,از کیمیای مهر تو زر گشت روی من آری به یمن لطف شما خاک زر شود
643,akhlagh,در تنگنای حیرتم از نخوت رقیب یا رب مباد آن که گدا معتبر شود
644,akhlagh,بس نکته غیر حسن بباید که تا کسی مقبول طبع مردم صاحب نظر شود
645,akhlagh,این سرکشی که کنگره کاخ وصل راست سرها بر آستانه او خاک در شود
646,akhlagh,حافظ چو نافه سر زلفش به دست توست دم درکش ار نه باد صبا را خبر شود
647,akhlagh,از گریه کسی ندیده خاموش مرا در جان و دل و دید فراموش نه‌ای
648,akhlagh,از بهر خدا مکن فراموش مرا روز بزرگداشت مولوی گرامی باد
649,akhlagh,آن خواجه که بار او همه قند‌تر است از مستی خود ز قند خود بیخبر است
650,akhlagh,گفتم که ازین شکر نصیبم ندهی نی گفت ندانست که آن نیشکر است
651,akhlagh,قومی غمگین و خود مدان غم ز کجاست
652,akhlagh,قومی شادان و بیخبر کان ز چه جاست
653,akhlagh,چندین چپ و راست بیخبر از چپ و راست
654,akhlagh,چنین من و ماست بیخبر از من و ما است
655,akhlagh,گر شرم همی از آن و این باید داشت پس عیب کسان زیر زمین باید داشت
656,akhlagh,ور آینه‌وار نیک و بد بنمایی چون آینه روی آهنین باید داشت
657,akhlagh,بر ما رقم خطا پرستی همه هست بدنامی و عشق و شور و مستی همه هست
658,akhlagh,ای دوست چو از میانه مقصود تویی جای گله نیست چون تو هستی همه هست
659,akhlagh,برخیز و طواف کن بر آن قطب نجات ماننده‌ی حاجیان به کعبه و به عرفات
660,akhlagh,چه چسبیدی تو بر زمین چون گل‌تر آخر حرکات شد کلید برکات
661,akhlagh,روزی به یک درخت جوان گفت کنده‌ای باشد که میز گوشه‌ی می‌خانه‌ای شوی
662,akhlagh,تا از غم زمانه بیابی فراغ بال ای کاشکی نشیمن پیمانه‌ای شوی
663,akhlagh,اما ز سوز سینه دعا می‌کنم تو را چون من مباد آن‌که در خانه‌ای شوی
665,akhlagh,در نومیدی بسی امید است پایان شب سیه سپید است
666,akhlagh,هر کس بد ما به خلق گویید ما چهره از او نمی‌خراشیم ما خوبی او به خلق گوییم تا هر دو دروغ گفته باشیم
667,akhlagh,برگ درختان سبز در نظر هوشیار هر ورقش دفتری ست معرفت کردگار
668,akhlagh,هر که نامخت از گذشت روزگار نیز ناموزد ز هیچ آموزگار
669,akhlagh,جهان سر به سر حکمت و عبرت است چرا بهره ما همه غفلت است
670,akhlagh,جز توکل بر خدا سرمایه‌ای در کار نیست هر که را باشد توکل کار او دشوار نیست
671,akhlagh,دود اگر بالا نشیند کسر شان شعله نیست جای چشم ابرو نگیرد گرچه او بالاتر است
672,akhlagh,نرگس اتش پرستی داشت شبنم میفروخت با همان چشمی که میزد زخم مرهم میفروخت
673,akhlagh,زندگی چو برده داری در بازار عمر داشت یوسف را به مشتی خاک و عالم میفروخت
674,akhlagh,زندگی این تاجر طماع ناخن خشک پیر مرگ را همچون شراب ناب کم کم میفروخت
675,akhlagh,خنده رسوا می‌نماید پسته بی‌مغز را چون نداری مایه از لاف سخن خاموش باش
676,akhlagh,خفتگان را خبر از محنت بیداران نیست تا غمت پیش نیاید غم مردم نخوری
677,akhlagh,نیارزد آینه بودن به آن همه تشویش که هر که جلوه فروشد تو رنگ گردانی
678,akhlagh,چون عاقبت کار جهان نیستی است انگار که نیستی چو هستی خوش باش
679,akhlagh,خوش است عمر دریغا که جاودانی نیست پس اعتماد بر این پنج روز فانی نیست
680,akhlagh,تیغ تیزی‌گر به دستت داد چرخ روزگار هرچه می‌خواهی ببر اما مبر نان کسی
681,akhlagh,از دشمنان برند شکایت به پیش دوست چون دوست دشمن است شکایت کجا بریم
682,akhlagh,عبادت می‌کنی بگذر زعادت نگردد جمع عادت با عبادت
683,akhlagh,طعنه بر ما مزن‌ ای دوست که خود معترفیم دف زنان بر سر بازار به رسوایی خویش 
684,akhlagh,گر بدی گفت حسودی و رفیقی رنجید گو تو خوش باش که ما گوش به احمق نکنیم
685,akhlagh,عاقبت ما در قمار زندگانی باختیم گرچه تکخال جوانی در بساط انداختیم
686,akhlagh,دو نصیحت کنمت بشنو و صد گنج ببر از در عیش درآ و به ره عیب مپوی
687,akhlagh,دگر آنکه بی مایه را برکشد ز مرد هنرمند برتر کشد
688,akhlagh,سه دیگر که با گنج خویشی کند به دینار کوشد که بیشی کند
689,akhlagh,ندانی که ایران نشست منست جهان سر به سر زیر دست منست
690,akhlagh,هنر نزد ایرانیان است و بس ندادند شیر ژیان را بکس
691,akhlagh,همه یکدلانند یزدان شناس به نیکی ندارند از بد هراس
692,akhlagh,دریغ است ایران که ویران شود کنام پلنگان و شیران شود
693,akhlagh,چو ایران نباشد تن من مباد در این بوم و بر زنده یک تن مباد
694,akhlagh,همه روی یکسر بجنگ آوریم جهان بر بداندیش تنگ آوریم
695,akhlagh,توانا بود هر که دانا بود ز دانش دل پیر برنا بود
696,akhlagh,ز دانش اولین به یزدان گرای کجا هست و باشد همیشه به جای
697,akhlagh,به دانش ز یزدان شناسد سپاس خنک مرد دانا و یزدان شناس
698,akhlagh, به دانش فزای و به یزدان گرای که او باد جان ترا رهنمای
699,akhlagh,بپرسیدم از مرد نیکو سخن کسی کو بسال و خرد بد کهن
700,akhlagh,اگر دانشی مرد گوید سخن تو بشنو که دانش نگردد کهن
701,akhlagh,به رنج اندر ار تنت را رواست که خود رنج بردن به دانش سزاست
702,akhlagh,بیاموز و بشنو ز هر دانشی بیابی ز هر دانشی رامشی
703,eshq,هزار بوسه دهد بت‌پرست بر سنگی که ضر و نفع محالست ازو نشان دادن
704,eshq,تو بت ز سنگ نه‌ای بل ز سنگ سخت‌تری که بر دهان تو بوسی نمی‌توان دادن
705,eshq,تا بود بار غمت بر دل بی‌هوش مرا سوز عشقت ننشاند ز جگر جوش مرا
706,eshq,نگذرد یاد گل و سنبلم اندر خاطر تا به خاطر بود آن زلف و بناگوش مرا
707,eshq,شربتی تلختر از سم فراقت باید تا کند لذت وصل تو فراموش مرا
708,eshq,هر شبم با غم هجران تو سر بر بالین روزی ار با تو نشد دست در آغوش مرا
709,eshq,بی دهان تو اگر صد قدح نوش دهند به دهان تو که سم آید از آن نوش مرا
710,eshq,سعدی اندر کف جلاد غمت می‌گوید بنده‌ام بنده به کشتن ده و مفروش مرا
711,eshq,تو را حکایت ما مختصر به گوش آید که حال تشنه نمی‌دانی ای گل سیراب
712,eshq,اگر چراغ بمیرد صبا چه غم دارد و گر بریزد کتان چه غم خورد مهتاب
713,eshq,دعات گفتم و دشنام اگر دهی سهل است که با شکردهنان خوش بود سوال و جواب
714,eshq,چه فتنه بود که حسن تو در جهان انداخت که یک دم از تو نظر بر نمیتوان انداخت
715,eshq,بلای غمزه نامهربان خون خوارت چه خون که در دل یاران مهربان انداخت
716,eshq,پیش ما رسم شکستن نبود عهد وفا را الله الله تو فراموش مکن صحبت ما را
717,eshq,قیمت عشق نداند قدم صدق ندارد سست عهدی که تحمل نکند بار جفا را
718,eshq,گر مخیر بکنندم به قیامت که چه خواهی دوست ما را و همه‌ی نعمت فردوس شما را
719,eshq,گر سرم میرود از عهد تو سر بازنپیچم تا بگویند پس از من که به سر برد وفا را
720,eshq,عشقبازی نه من آخر به جهان آوردم یا گناهیست که اول من مسکین کردم
721,eshq,تو که از صورت حال دل ما بی‌خبری غم دل با تو نگویم که ندانی دردم‌
722,eshq,تو برو مصلحت خویشتن اندیش که من ترک جان دادم از این پیش که دل بسپردم
723,eshq,عهد کردیم که جان در سر کار تو کنیم و گر این عهد به پایان نبرم نامردم
724,eshq,من که روی از همه عالم به وصالت کردم شرط انصاف نباشد که بمانی فردم
725,eshq,راست خواهی تو مرا شیفته می‌گردانی گرد عالم به چنین روز نه من می‌گردم
726,eshq,تا در دل من عشق تو اندوخته شد جز عشق تو هر چه داشتم سوخته شد
727,eshq,با هر که دلم ز عشق تو راز کند اول سخن از هجر تو آغاز کند
728,eshq,از ناز دو چشم خود چنان باز کنی که‌آن دم زده لب به خنده‌ای باز کند
729,eshq,عشق چو کار دل است دیده دل باز کن جان عزیزان نگر مست تماشای عشق
730,eshq,خوشا آن دل که دلدارش تو گردی خوشا جانی که جانانش تو باشی
731,eshq,خواهم که راز عشقت پنهان کنم ز یاران صحرای آب و آتش پنهان چگونه باشد
732,eshq,دلت به وصل گل ای بلبل صبا خوش باد که در چمن همه گلبانگ عاشقانه توست
733,eshq,عشق از سر رفت بیرون و غرور او نرفت ناز مهمان را ز صاحب خانه می‌باید کشید
734,eshq,دل بیمار را در عشق آن بت شفا از نعره‌های عاشقانه است
735,eshq,ما را ز درد عشق تو با کس حدیث نیست هم پیش یار گفته شود ماجرای یار
736,eshq,لیلی‌وش من به حال زارم بنگر مجنون زمانه از برای تو شدم
737,eshq,فاش می‌گویم و از گفته خود دلشادم
738,eshq,بنده عشقم و از هر دو جهان آزادم
739,eshq,یک ساعت عشق صد جهان بیش ارزد صد جان به فدای عاشقی باد ای جان
740,eshq,یک بوسه ز تو خواستم و شش دادی شاگرد که بودی که چنین استادی
741,eshq,حیلت رها کن عاشقا دیوانه شو دیوانه شو و اندر دل آتش درآ پروانه شو پروانه شو
742,eshq,هم خویش را بیگانه کن هم خانه را ویرانه کن و آنگه بیا با عاشقان هم خانه شو هم خانه شو
743,eshq,از آتش عشق در جهان گرمی‌ها وز شیر جفاش در وفا نرمی‌ها
744,eshq,جز عشق نبود هیچ دم ساز مرا نی اول و نی آخهر و آغاز مرا
745,eshq,جان میدهد از درونه آواز مرا کی کاهل راه عشق درباز مرا
746,eshq,اگر عالم همه پرخار باشد دل عاشق همه گلزار باشد
747,eshq,وگر بی‌کار گردد چرخ گردون جهان عاشقان بر کار باشد
748,eshq,همه غمگین شوند و جان عاشق لطیف و خرم و عیار باشد
749,eshq,به عاشق ده تو هر جا شمع مرده‌ست که او را صد هزار انوار باشد
750,eshq,وگر تنهاست عاشق نیست تنها که با معشوق پنهان یار باشد
751,eshq,شراب عاشقان از سینه جوشد حریف عشق در اسرار باشد
752,eshq,به صد وعده نباشد عشق خرسند که مکر دلبران بسیار باشد
753,eshq,وگر بیمار بینی عاشقی را نه شاهد بر سر بیمار باشد
754,eshq,سوار عشق شو وز ره میندیش که اسب عشق بس رهوار باشد
755,eshq,به یک حمله تو را منزل رساند اگر چه راه ناهموار باشد
756,eshq,علف خواری نداند جان عاشق که جان عاشقان خمار باشد
757,eshq,من عاشقی از کمال تو آموزم بیت و غزل از جمال تو آموزم
758,eshq,در پرده دل خیال تو رقص کند من رقص خوش از خیال تو آموزم
759,eshq,معشوقه چو آفتاب تابان گردد عاشق به مثال ذره گردان گردد
760,eshq,چون باد بهار عشق جنبان گردد هر شاخ که خشک نیست رقصان گردد
761,eshq,ز اول که حدیث عاشقی بشنودم جان و دل و دیده در رهش فرسودم
762,eshq,گفتم که مگر عاشق و معشوق دواند خود هر دو یکی بود من احول بودم
763,eshq,درویشی و عاشقی به هم سلطانیست گنجست غم عشق ولی پنهانیست
764,eshq,بی همگان بسر شود بی تو بسر نمی‌شود داغ تو دارد این دلم جای دگر نمی‌شود
765,eshq,دیده عقل مست تو چرخه چرخ پست تو گوش طرب به دست تو بی تو بسر نمی‌شود
766,eshq,اندر سر ما همت کاری دگر است معشوقه خوب ما نگاری دگر است
767,eshq,والله که به عشق نیز قانع نشویم ما را پس از این خزان بهاری دگر است
768,eshq,آنکه به دل اسیرمش در دل و جان پذیرمش
769,eshq,گر چه گذشت عمر من باز ز سر بگیرمش
770,eshq,ای عاشق پنهانی آن یار قرینت باد ای طالب بالایی بالات مبارک باد
771,eshq,ای جان پسندیده جوییده و کوشیده پرهات بروییده پرهات مبارک باد
772,eshq,دلبر و یار من تویی رونق کار من تویی باغ و بهار من تویی بهر تو بود بود من
773,eshq,خواب شبم ربوده‌ای مونس من تو بوده‌ای درد توام نموده‌ای غیر تو نیست سود من
774,eshq,جان من و جهان من زهره آسمان من آتش تو نشان من در دل همچو عود من
775,eshq,جسم نبود و جان بدم با تو بر آسمان بدم هیچ نبود در میان گفت من و شنود من
776,eshq,گر بیدل و بی‌دستم وز عشق تو پابستم بس بند که بشکستم آهسته که سرمستم
777,eshq,یار مرا غار مرا عشق جگرخوار مرا یار تویی غار تویی خواجه نگهدار مرا
778,eshq,ای در دل من میل و تمنا همه تو وندر سر من مایه سودا همه تو
779,eshq,هرچند به روزگار در می‌نگرم امروز همه تویی و فردا همه تو
780,eshq,اندر دل بی وفا غم و ماتم باد آن را که وفا نیست ز عالم کم باد
781,eshq,دیدی که مرا هیچ کسی یاد نکرد جز غم که هزار آفرین بر غم باد
782,eshq,از آتش عشق در جهان گرمیها وز شیر جفاش در وفا نرمیها
783,eshq,زانماه که خورشید از او شرمنده‌ست بی شرم بود مرد چه بی شرمیها
784,eshq,دلتنگم و دیدار تو درمان من است بی رنگ رخت زمانه زندان من است
785,eshq,بر هیچ دلی مباد و بر هیچ تنی آنچ از غم هجران تو بر جان من است
786,eshq,گر شاخه‌ها دارد‌تری ور سرو دارد سروری
787,eshq,ور گل کند صد دلبری ای جان تو چیزی دیگری
788,eshq,جان من و جهان من روی سپید تو شده‌ست عاقبتم چنین شود مرگ من و بقای تو
789,eshq,از تو برآید از دلم هر نفس و تنفسم من نروم ز کوی تو تا که شوم فنای تو
790,eshq,عشقت صنما چه دلبری‌ها کردی در کشتن بنده ساحری‌ها کردی
791,eshq,بخشی همه عشقت به سمرقند دلم آگاه نه ایی چه کافری‌ها کردی
792,eshq,عشق اول می‌کند دیوانه‌ات تا ز ما و من کند بیگانه‌ات
793,eshq,عشق چون در سینه‌ات ماوا کند عقل را سرگشته و رسوا کند
794,eshq,می‌شوی فارغ ز هر بود و نبود نیستی در بند اظهار وجود
795,eshq,زنده دل‌ها می‌شوند از عشق مست مرده دل کی عشق را آرد به دست
796,eshq,عشق را با نیستی سودا بود تا تو هستی عشق کی پیدا بود
797,eshq,بنمای رخ که باغ و گلستانم آرزوست بگشای لب که قند فراوانم آرزوست
798,eshq,ای آفتاب حسن برون آ دمی ز ابر کان چهره مشعشع تابانم آرزوست
799,eshq,بشنیدم از هوای تو آواز طبل باز باز آمدم که ساعد سلطانم آرزوست
800,eshq,گفتی ز ناز بیش مرنجان مرا برو آن گفتنت که بیش مرنجانم آرزوست
801,eshq,من هم رباب عشقم و عشقم ربابی‌ست وان لطف‌های زخمه رحمانم آرزوست
802,eshq,حیلت رها کن عاشقا دیوانه شو دیوانه شو
803,eshq,و اندر دل آتش درآ پروانه شو پروانه شو
804,eshq,هم خویش را بیگانه کن هم خانه را ویرانه کن
805,eshq,و آنگه بیا با عاشقان هم خانه شو هم خانه شو
806,eshq,رو سینه را چون سینه‌ها هفت آب شو از کینه‌ها
807,eshq,و آنگه شراب عشق را پیمانه شو پیمانه شو
808,eshq,باید که جمله جان شوی تا لایق جانان شوی
809,eshq,گر سوی مستان می‌روی مستانه شو مستانه شو
810,eshq,آن گوشوار شاهدان هم صحبت عارض شده
811,eshq,آن گوش و عارض بایدت دردانه شو دردانه شو
812,eshq,چون جان تو شد در هوا ز افسانه شیرین ما
813,eshq,فانی شو و چون عاشقان افسانه شو افسانه شو
814,eshq,تو لیله القبری برو تا لیله القدری شوی
815,eshq,چون قدر مر ارواح را کاشانه شو کاشانه شو
816,eshq,زهی عشق زهی عشق که ما راست خدایا چه نغزست و چه خوبست و چه زیباست خدایا
817,eshq,چه گرمیم چه گرمیم از این عشق چو خورشید چه پنهان و چه پنهان و چه پیداست خدایا
818,eshq,من غلام قمرم غیر قمر هیچ مگو پیش من جز سخن شمع و شکر هیچ مگو
819,eshq,سخن رنج مگو جز سخن گنج مگو ور ازین بی خبری رنج مبر هیچ مگو
820,eshq,دوش دیوانه شدم عشق مرا دید و بگفت آمدم نعره مزن جامه مدر هیچ مگو
821,eshq,گفتم ای عشق من از چیز دگر می‌ترسم گفت آن چیز دگر نیست دگر هیچ مگو
822,eshq,من به گوش تو سخن‌های نهان خواهم گفت سر بجنبان که بلی جز که به سر هیچ مگو
823,eshq,قمری جان صفتی در ره دل پیدا شد در ره دل چه لطیف است سفر هیچ مگو
824,eshq,گفتم ای دل چه مه ست این دل اشارت می‌کرد که نه اندازه توست این بگذر هیچ مگو
825,eshq,گفتم این روی فرشته ست عجب یا بشر است گفت این غیر فرشته ست و بشر هیچ مگو
826,eshq,گفتم این چیست بگو زیر و زبر خواهم شد گفت می‌باش چنین زیر و زبر هیچ مگو
827,eshq,ای نشسته تو درین خانه پر نقش و خیال خیز ازین خانه برو رخت ببر هیچ مگو
828,eshq,گفتم ای دل پدری کن نه که این وصف خداست گفت این هست ولی جان پدر هیچ مگو
829,eshq,ای در دل من میل و تمنا همه‌ی تو وندر سر من مایه سودا همه‌ی تو
830,eshq,هر چند به روزگار در می‌‌نگرم امروز همه‌ی تویی و فردا همه‌ی تو
831,eshq,بیچاره‌تر از عاشق بیصبر کجاست کاین عشق گرفتاری بی‌هیچ دواست
832,eshq,درمان غم عشق نه صبر و نه ریاست در عشق حقیقی نه وفا و نه جفاست
833,eshq,در نگنجد عشق در گفت و شنید عشق دریاییست قعرش ناپدید
834,eshq,اندر دل بی وفا غم و ماتم باد ان راکه وفا نیست ز عالم کم باد
836,eshq,ای دوست قبولم کن و جانم بستان مستم کن و از هردو جهانم بستان
837,eshq,با هرچه دلم قرار گیرد بیتو آتش به من اندر زن و آنم بستان
840,eshq,بی عشق نشاط و طرب افزون نشود بی عشق وجود خوب و موزون نشود
841,eshq,صد قطره ز ابر اگر به دریا بارد بی جنبش عشق در مکنون نشود
843,eshq,خوبی و کرم را چو نکو بنیادی ای دنیا را ز تو هزار آزادی
844,eshq,بی همگان به سر شود بی ‌تو به سر نمی‌شود
845,eshq,داغ تو دارد این دلم جای دگر نمیشود
846,eshq,دیده عقل مست تو چرخه چرخ پست تو
847,eshq,گوش طرب به دست تو بی ‌تو به سر نمی‌شود
848,eshq,جان ز تو جوش میکند دل ز تو نوش میکند
849,eshq,عقل خروش میکند بی‌تو به سر نمیشود
850,eshq,نیست از عاشق کسی دیوانه‌تر عقل از سودای او کورست و کر
851,eshq,خواهم که به عشق تو ز جان برخیزم وز بهر تو از هردو جهان برخیزم
852,eshq,خورشید تو خواهم که بیاران برسد چون ابر ز پیش تو از ان برخیزم
853,eshq,خنک ان دم که نشینیم در ایوان من و تو به دو نقش و به دو صورت به یکی جان من و تو
854,eshq,ای زندگی تن و توانم همه‌ی تو جانی و دلی ای دل و جانم همه‌ی تو
855,eshq,تو هستی من شدی از آنی همه‌ی من من نیست شدم در تو از آنم همه‌ی تو
856,eshq,چه نزدیک است جان تو به جانم که هر چیزی که اندیشی بدانم
857,eshq,از این نزدیکتر دارم نشانی بیا نزدیک و بنگر در نشانم
858,eshq,به درویشی بیا اندر میانه مکن شوخی مگو کاندر میانم
859,eshq,میان خانه‌ات هم چون ستونم ز بامت سرفرو چون ناودانم
860,eshq,منم همراز تو در حشر ودر نشر نه چون یاران دنیا میزبانم
861,eshq,میان بزم تو گردان چو خمرم گه رزم تو سابق چون سنانم
862,eshq,اگر چون برق مردن پیشه سازم چو برق خوبی تو بی‌زبانم
863,eshq,همیشه سرخوشم فرقی نباشد اگر من جان دهم یا جان ستانم
864,eshq,به تو‌گر جان دهم باشد تجارت که بدهی به هر جانی صد جهانم
865,eshq,دراین خانه هزاران مرده بیش اند تو بنشسته که اینک خان و مانم
866,eshq,یکی کف خاک گوید زلف بودم یکی کف خاک گوید استخوانم
867,eshq,شوی حیران و ناگه عشق آید که پیشم آ که زنده جاودانم
868,eshq,بکش در بر بر سیمین ما را که از خویشت همین دم وارهانم
869,eshq,خمش کن خسروا هم گو ز شیرین ز شیرینی همی‌سوزد دهانم
870,eshq,سیر نمیشوم ز تو ای مه جان فزای من
871,eshq,جور مکن جفا مکن نیست جفا سزای من
872,eshq,بی ‌عشق نشاط و طرب افزون نشود بی ‌عشق وجود خوب و موزون نشود
873,eshq,صد قطره ز ابر اگر به دریا بارد بی ‌جنبش عشق در مکنون نشود
874,eshq,گفتم صنما مگر که جانان منی اکنون که همی نظر کنم جان منی
875,eshq,مرتد گردم‌گر ز تو من برگردی ای جان جهان تو کفر و ایمان منی
877,eshq,صد قطره ز ابر اگر به دریا بارد بی‌جنبش عشق در مکنون نشود
878,eshq,گفتم که ماه من شو گفتا اگر برآید گفتم ز مهرورزان رسم وفا بیاموز
879,eshq,گفتا ز خوبرویان این کار کمتر آید گفتم که بر خیالت راه نظر ببندم
880,eshq,گفتا که شب رو است او از راه دیگر آید گفتم که بوی زلفت گمراه عالمم کرد
881,eshq,گفتا اگر بدانی هم اوت رهبر آید گفتم خوشا هوایی کز باد صبح خیزد
882,eshq,گفتا خنک نسیمی کز کوی دلبر آید گفتم که نوش لعلت ما را به آرزو کشت
883,eshq,گفتا تو بندگی کن کو بنده پرور آید گفتم دل رحیمت کی عزم صلح دارد
884,eshq,گفتا مگوی با کس تا وقت آن درآید گفتم زمان عشرت دیدی که چون سر آمد
885,eshq,گفتا خموش حافظ کاین غصه هم سر آید حافظ در این خاک در این خاک در این مزرعه پاک
886,eshq,به جز عشق به جز عشق دگر هیچ نکاریم دلتنگم و دیدار تو درمان من است
887,eshq,بی رنگ رخت زمانه زندان من است بر هیچ دلی مباد و بر هیچ تنی
888,eshq,آنچ از غم هجران تو بر جان من است تا از تو جدا شده ست آغوش مرا
890,eshq,از بهر خدا مکن فراموش مرا گویند که عشق عاقبت تسکین است
891,eshq,اول شور است و عاقبت تمکین است جانست ز آسیاش سنگ زیرین
892,eshq,این صورت بی‌قرار بالایین است هر ذره که در هوا و در هامونست
893,eshq,نیکو نگرش که همچو ما مجنونست هر ذره اگر خوش است اگر محزونست
894,eshq,سرگشته خورشید خوش بیچونست بی‌عشق نشاط و طرب افزون نشود
895,eshq,بی‌عشق وجود خوب و موزون نشود صد قطره ز ابر اگر به دریا بارد
896,eshq,بی‌جنبش عشق در مکنون نشود عشقت به دلم درآمد و شاد برفت
897,eshq,بازآمد و رخت خویش بنهاد برفت گفتم به تکلف دو سه روز بنشین
898,eshq,بنشست و کنون رفتنش از یاد برفت از حال ندیده تیره ایامان را
899,eshq,از دور ندیده دوزخ آشامان را دعوی چکنی عشق دلارامان را
900,eshq,با عشق چکار است نکونامان را از آتش عشق در جهان گرمیها
901,eshq,وز شیر جفاش در وفا نرمیها زانماه که خورشید از او شرمنده‌ست
902,eshq,بی‌شرم بود مرد چه بی‌شرمیها باز آی دلبرا که دلم بی قرار توست
903,eshq,وین جان بر لب آمده در انتظار توست در دست این خمار غمم هیچ چاره نیست
904,eshq,جز باده‌ای که در قدح غمگسار توست ساقی به دست باش که این مست می‌پرست
905,eshq,چون خم ز پا نشست و هنوزش خمار توست هر سوی موج فتنه گرفته ست و زین میان
906,eshq,آسایشی که هست مرا در کنار توست سیری مباد سوخته‌ی تشنه کام را
907,eshq,تا جرعه نوش چشمه‌ی شیرین گوار توست بی چاره دل که غارت عشقش به باد داد
908,eshq,ای دیده خون ببار که این فتنه کار توست هرگز ز دل امید گل آوردنم نرفت
909,eshq,این شاخ خشک زنده به بوی بهار توست ای سایه صبر کن که برآید به کام دل
910,eshq,آن آرزو که در دل امیدوار توست دلی که در دو جهان جز تو هیچ یارش نیست
911,eshq,گرش تو یار نباشی جهان به کارش نیست چنان ز لذت دریا پر است کشتی ما
912,eshq,که بیم ورطه و اندیشه کنارش نیست کسی به‌سان صدف واکند دهان نیاز
913,eshq,که نازنین گوهری چون تو در کنارش نیست خیال دوست گل‌افشان اشک من دیده‌ست
914,eshq,هزار شکر که این دیده شرمسارش نیست نه من ز حلقه دیوانگان عشقم و بس
915,eshq,کدام سلسله دیدی که بی‌قرارش نیست سوار من که ازل تا ابد گذرگه اوست
916,eshq,سری نماند که بر خاک رهگذارش نیست ز تشنه‌کامی خود آب می‌خورد دل من
917,eshq,کویر سوخته‌جان منت بهارش نیست عروس طبع من ای سایه هر چه دل ببرد
918,eshq,هنوز دلبری شعر شهریارش نیست نشود فاش کسی آنچه میان من و توست
919,eshq,تا اشارات نظر نامه رسان من توست گوش کن با لب خاموش سخن می‌گویم
920,eshq,پاسخم گو به نگاهی که زبان من و توست روزگاری شد و کس مرد ره عشق ندید
921,eshq,حالیا چشم جهانی نگران من و توست گرچه در خلوت راز دل ما کس نرسید
922,eshq,همه جا زمزمه عشق نهان من و توست گو بهار دل و جان باش و خزان باش ارنه
923,eshq,ای بسا باغ و بهاران که خزان من و توست این همه قصه فردوس و تمنای بهشت
924,eshq,گفت و گویی و خیالی ز جهان من و توست نقش ما گو ننگارند به دیباچه عقل
925,eshq,هرکجا نامه عشق است نشان من و توست سایه زآتشکده ماست فروغ مه و مهر
926,eshq,وه از این آتش روشن که به جان من و توست ای عشق همه بهانه از توست
927,eshq,من خامشم این ترانه از توست آن بانگ بلند صبحگاهی
928,eshq,وین زمزمه شبانه از توست من انده خویش را ندانم
929,eshq,این گریه بی بهانه از توست ای آتش جان پاکبازان
930,eshq,در خرمن من زبانه از توست افسون شده تو را زبان نیست
931,eshq,ور هست همه فسانه از توست کشتی مرا چه بیم دریا
932,eshq,طوفان ز تو و کرانه از توست گر باده دهی و گرنه غم نیست
933,eshq,مست از تو شرابخانه از توست می‌را چه اثر به پیش چشمت
934,eshq,کاین مستی شادمانه از توست پیش تو چه توسنی کند عقل
935,eshq,رام است که تازیانه از توست من می‌گذرم خموش و گمنام
936,eshq,آوازه جاودانه از توست چون سایه مرا ز خاک برگیر
937,eshq,کاینجا سر و آستانه از توست آمده‌ام که سر نهم عشق تو را به سر برم
938,eshq,ور تو بگوییم که نی نی شکنم شکر برم آمده‌ام چو عقل و جان از همه دیده‌ها نهان
939,eshq,تا سوی جان و دیدگان مشعله نظر برم آمده‌ام که ره زنم بر سر گنج شه زنم
940,eshq,آمده‌ام که زر برم زر نبرم خبر برم گر شکند دل مرا جان بدهم به دل شکن
941,eshq,گر ز سرم کله برد من ز میان کمر برم اوست نشسته در نظر من به کجا نظر کنم
942,eshq,اوست گرفته شهر دل من به کجا سفر برم آنک ز زخم تیر او کوه شکاف می‌کند
943,eshq,پیش گشادتیر او وای اگر سپر برم گفتم آفتاب را‌گر ببری تو تاب خود
944,eshq,تاب تو را چو تب کند گفت بلی اگر برم آنک ز تاب روی او نور صفا به دل کشد
945,eshq,و آنک ز جوی حسن او آب سوی جگر برم در هوس خیال او همچو خیال گشته‌ام
946,eshq,وز سر رشک نام او نام رخ قمر برم این غزلم جواب آن باده که داشت پیش من
947,eshq,گفت بخور نمی‌خوری پیش کسی دگر برم از دلبر ما نشان که دارد
948,eshq,در خانه مهی نهان که دارد بی‌دیده جمال او که بیند
949,eshq,بیرون ز جهان جهان که دارد آن تیر که جان شکار آنست
950,eshq,بنمای که آن کمان که دارد در هر طرفی یکی نگاریست
951,eshq,صوفی تو نگر که آن که دارد این صورت خلق جمله نقش‌اند
952,eshq,هم جان داند که جان که دارد این جمله گدا و خوشه چین‌اند
953,eshq,آن دست گهرفشان که دارد قلاب شدند جمله عالم
954,eshq,آخر خبری ز کان که دارد شادست زمان به شمس تبریز
955,eshq,آخر بنگر زمان که دارد فکر بلبل همه آن است که گل شد یارش
956,eshq,گل در اندیشه که چون عشوه کند در کارش دلربایی همه آن نیست که عاشق بکشند
957,eshq,خواجه آن است که باشد غم خدمتکارش جای آن است که خون موج زند در دل لعل
958,eshq,زین تغابن که خزف می‌شکند بازارش بلبل از فیض گل آموخت سخن ور نه نبود
959,eshq,این همه قول و غزل تعبیه در منقارش ای که از کوچه معشوقه ما می‌گذری
960,eshq,بر حذر باش که سر می‌شکند دیوارش آن سفرکرده که صد قافله دل همره اوست
961,eshq,هر کجا هست خدایا به سلامت دارش صحبت عافیتت‌گر چه خوش افتاد ای دل
962,eshq,جانب عشق عزیز است فرومگذارش صوفی سرخوش از این دست که کج کرد کلاه
963,eshq,به دو جام دگر آشفته شود دستارش دل حافظ که به دیدار تو خوگر شده بود
964,eshq,نازپرورد وصال است مجو آزارش خیال روی تو در هر طریق همره ماست
965,eshq,نسیم موی تو پیوند جان آگه ماست به رغم مدعیانی که منع عشق کنند
966,eshq,جمال چهره تو حجت موجه ماست ببین که سیب زنخدان تو چه می‌گوید
967,eshq,هزار یوسف مصری فتاده در چه ماست اگر به زلف دراز تو دست ما نرسد
968,eshq,گناه بخت پریشان و دست کوته ماست به حاجب در خلوت سرای خاص بگو
969,eshq,فلان ز گوشه نشینان خاک درگه ماست به صورت از نظر ما اگر چه محجوب است
970,eshq,همیشه در نظر خاطر مرفه ماست اگر به سالی حافظ دری زند بگشای
971,eshq,که سال‌هاست که مشتاق روی چون مه ماست الا یا ایها الساقی ادر کاسا و ناولها
972,eshq,که عشق آسان نمود اول ولی افتاد مشکل‌ها به بوی نافه‌ای کاخر صبا زان طره بگشاید
973,eshq,ز تاب جعد مشکینش چه خون افتاد در دل‌ها مرا در منزل جانان چه امن عیش چون هر دم
974,eshq,جرس فریاد می‌دارد که بربندید محمل‌ها به می‌سجاده رنگین کن گرت پیر مغان گوید
975,eshq,که سالک بی‌خبر نبود ز راه و رسم منزل‌ها شب تاریک و بیم موج و گردابی چنین هایل
976,eshq,کجا دانند حال ما سبکباران ساحل‌ها همه کارم ز خود کامی به بدنامی کشید آخر
977,eshq,نهان کی ماند آن رازی کز او سازند محفل‌ها حضوری‌گر همی‌خواهی از او غایب مشو حافظ
978,eshq,متی ما تلق من تهوی دع الدنیا و اهملها دیدمت وه چه تماشایی و زیبا شده‌ای
979,eshq,ماه من آفت دل فتنه‌ی جان‌ها شده‌ای پشت‌ها گشته دو تا در غمت ای سرو روان
980,eshq,تا تو در گلشن خوبی گل یکتا شده‌ای خوبی و دلبری و حسن حسابی دارد
981,eshq,بی‌حساب از چه سبب این‌همه زیبا شده‌ای حیف و صد حیف که با این‌همه زیبایی و لطف
982,eshq,عشق بگذاشته اندر پی سودا شده‌ای شب مهتاب و فلک خواب و طبیعت بیدار
983,eshq,باز آشوبگر خاطر شیدا شده‌ای بین امواج مهت رقص کنان می‌بینم
984,eshq,لطف را بین‌ که به شیرینی رویا شده‌ای دیگران را اگر از ما خبری نیست چه غم
985,eshq,نازنینا تو چرا بی خبر از ما شده‌ای هستم ز غمش چنان پریشان که مپرس
986,eshq,زانسان شده‌ام بی سر و سامان که مپرس ای مرغ خیال سوی او کن گذری
987,eshq,وانگه ز منش بپرس چندان که مپرس دگر از درد تنهایی به جانم یار می‌باید
988,eshq,دگر تلخ است کامم شربت دیدار می‌باید ز جام عشق او مستم دگر پندم مده ناصح
989,eshq,نصیحت گوش کردن را دل هشیار می‌باید مرا امید بهبودی نماندست ای خوش آن روزی
990,eshq,که می‌گفتم علاج این دل بیمار می‌باید بهایی بارها ورزید عشق اما جنونش را
991,eshq,نمی‌بایست زنجیری ولی این بار می‌باید بر عشق توام نه صبر پیداست نه دل
992,eshq,بی روی توام نه عقل بر جاست نه دل این غم که مراست کوه قافست نه غم
993,eshq,این دل که توراست سنگ خاراست نه دل تا در ره عشق آشنای تو شدم
994,eshq,با صد غم و درد مبتلای تو شدم لیلی‌وش من به حال زارم بنگر
995,eshq,مجنون زمانه از برای تو شدم هر شب به تو با عشق و طرب می‌گذرد
996,eshq,بر من زغمت به تاب و تب می‌گذرد تو خفته به استراحت و بی تو مرا
997,eshq,تا صبح ندانی که چه شب می‌گذرد عشق تو عالم دل جمله به یکبار گرفت
998,eshq,بختیار اوست برما که تو را یار گرفت من اسیر خود واز عشق جهانی بی‌خود
999,eshq,من درین ظلمت و عالم همه انوار گرفت خوشا آن دل که دلدارش تو گردی
1000,eshq,خوشا جانی که جانانش تو باشی رشته جان من سوخته بگسیخته باد
1001,eshq,گر ز عشق سر زلفت ندهم جان همه شب من چون ز دام عشق رهایی طلب کنم
1002,eshq,کانکس که خسته است بتیغ تو رسته است عشق سلطانیست کو را حاجت دستور نیست
1003,eshq,طایران عشق را پرواز گه جز طور نیست خواهم که راز عشقت پنهان کنم ز یاران
1004,eshq,صحرای آب و آتش پنهان چگونه باشد نیست پروا تلخکامان را ز تلخی‌های عشق
1005,eshq,آب دریا در مذاق ماهی دریا خوش است صایب شکایت از ستم یار چون کند
1006,eshq,هر جا که عشق هست جفا و وفا یکی است عشق از سر رفت بیرون و غرور او نرفت
1007,eshq,ناز مهمان را ز صاحب خانه می‌باید کشید دل بیمار را در عشق آن بت
1008,eshq,شفا از نعره‌های عاشقانه است ما را ز درد عشق تو با کس حدیث نیست
1009,eshq,هم پیش یار گفته شود ماجرای یار دگر از درد تنهایی به جانم یار می‌باید
1013,eshq,نمی‌بایست زنجیری ولی این بار می‌باید هر که در عاشقی قدم نزده است
1014,eshq,بر دل از خون دیده نم نزده است او چه داند که چیست حالت عشق
1015,erfan,دل گرچه در این بادیه بسیار شتافت یک موی ندانست ولی موی شکافت
1016,erfan,اندر دل من هزار خورشید بتافت آخر به کمال ذره‌ای راه نیافت
1017,erfan,ای زاهد ظاهربین از قرب چه می‌پرسی او در من و من در وی چون بو به گلاب اندر
1018,erfan,این چرخ فلک که ما در او حیرانیم فانوس خیال از او مثالی دانیم
1019,erfan,خورشید چراغ دان و عالم فانوس ما چون صوریم کاندر او گردانیم
1020,erfan,تا دست به اتفاق بر هم نزنیم پایی ز نشاط بر سر هم نزنیم
1021,erfan,خیزیم و دمی زنیم پیش از دم صبح کاین صبح بسی دمد که ما دم نزنیم
1022,erfan,من ظاهر نیستی و هستی دانم من باطن هر فراز و پستی دانم
1023,erfan,با این همه از دانش خود شرمم باد گر مرتبه‌ای ورای مستی دانم
1024,erfan,یک چند به کودکی به استاد شدیم یک چند ز استادی خود شاد شدیم
1025,erfan,پایان سخن شنو که ما را چه رسید چون آب بر آمدیم و چون باد شدیم
1026,erfan,اسرار ازل را نه تو دانی و نه من وین حرف معما نه تو خوانی ونه من
1027,erfan,هست از پس پرده گفتگوی من و تو چون پرده برافتد نه تو مانی و نه من
1028,erfan,ز من گو صوفیان با صفا را خداجویان معنی آشنا را
1029,erfan,غلام همت آن خودپرستم که با نور خودی بیند خدا را
1030,erfan,نخستین گام در میدان عرفان طلب باشد طلب ای طالب آن
1031,erfan,به منزلگاه دوم عشق باید که تا یابی نشان از مهر جانان
1032,erfan,به منزلگاه سوم معرفت هست که با آن پی‌بری بر راز پنهان
1033,erfan,به منزلگاه چهارم بی‌نیازی است که استغنا ی جان‌یابی به راه دوران
1034,erfan,به منزلگاه پنجم نور توحید بتابد بر دلت از عالم جان
1035,erfan,به منزلگاه ششم حیرت آید نصیب دل که گردد عقل حیران
1036,erfan,به‌حیرت‌چون‌فتادی‌زین‌ره‌ی‌شوق فنا گردی و گردی عین جانان
1037,erfan,رفیعا پیر عرفان در حقیقت به جانان راه بنماید بدینسان
1038,erfan,بود این هفت وادی پیش پایت اگر خواهی که ره‌یابی به پایان
1039,erfan,بدان معنی که عارف زلف گوید نظر در پیچ و تاب هیچ مو ندارد
1040,erfan,بیان عارفان را اصطلاحی است که جز عارف کسی را گفتگو ندارد
1041,erfan,این تفاوت عقل‌ها را نیک دان در مراتب از زمین تا آسمان
1042,erfan,هست عقلی همچو قرص آفتاب هست عقلی کمتر از زهره و شهاب
1043,erfan,هست عقلی چون چراغی سرخوشی هست عقلی چون ستاره آتشی
1044,erfan,ز آنکه ابر از پیش آن وا جهد نور یزدان بین خرد‌ها بر دهد
1045,erfan,عقل‌های خلق عکس عقل اوست عقل او مشک است و عقل خلق بو
1046,erfan,عقل کل و نفس کل و مرد خداست عرش و کرسی را مدان کز وی جداست
1047,erfan,مظهر حق است ذات پاک او زو بجو حق را و از دیگر مجو
1048,erfan,عقل جز وی عقل را بدنام کرد کام دنیا مرد را بی‌کام کرد
1049,erfan,آن ز صیدی حسن صیادی بدید وین ز صیادی غم صیدی کشید
1050,erfan,آن ز خدمت ناز مخدومی بیافت وین ز محذومی ز راه عز بتافت
1051,erfan,آن ز فرعونی اسیر آب شد وز اسیری بسط صد سهراب شد
1052,erfan,لعب معکوس است و فرزین بند‌ سخت حیله کم کن کار اقبالست و بخت
1053,erfan,بر خیال و حیله کم تن تار را که غنی ره کم دهد مکار را
1054,erfan,مکر کن در راه نیکو و خدمتی تا نبوت یابی اندر امتی
1055,erfan,مکر کن تا وارهی در مکر خود مکر کن تا فرد گردی از جسد
1056,erfan,مکر کن تا کمترین بنده شوی در کمی رفتی خداونده شوی
1057,erfan,رو بهی و خدمت ای گرگ کهن هیچ بر قصد خداوندی مکن
1058,erfan,لیک چون پروانه در آتش بتاز کیسه‌ای ز آن بر مدوز و پاک باز
1059,erfan,زور را بگذار و زاری را بگیر رحم سوی زاری آید ای فقیر
1060,erfan,گر کنی زاری بیابی رحم او رحم او در زاری خود باز جو
1061,erfan,زاری مضطر تشنه معنویست زاری سرد دروغ آن غویست
1062,erfan,گریه اخوان یوسف حیلتست که درونشان پر زرشک و علتست
1063,erfan,شدم مجنون و سرگردان من از سودای درویشان ندانم تا کجا باشد مقام و جای درویشان
1064,erfan,در آن مجلس که درویشان شراب از عشق می‌نوشند درآید خضر پیغمبر شود ساقی درویشان
1065,erfan,درآن مجلس که درویشان به ذکر حق می‌جوشند خدا آید در آن مجلس شود مهمان درویشان
1066,erfan,امیرالمومنین حیدر که شد داماد پیغمبر کمر می‌بست و خوش می‌گفت منم مولای درویشان
1067,erfan,زدرویشی سر مویی نصیب خود نمی‌بینم ولی غافل نیم یک دم من از سودای درویشان
1068,erfan,ز آه ودرد درویشان هراسان و گریزانم که از رندان گذر دارد پر پیکان درویشان
1069,erfan,الا ای شمس تبریزی تو یادی کن ز درویشان حیات جاودان یابی تو از دلهای درویشان
1070,erfan,به ذکر خود بلندآوازه‌ام کن رفیق لطف بی‌اندازه‌ام کن
1071,erfan,که از من رم کند مرغ معاصی روم تا بر در شهر خلاصی
1072,erfan,سرشکم دانه تسبیح گردان مرا زآن دانه‌ کن تسبیح‌گردان
1073,erfan,بود کاین سبحه گردانیدن من برد آلودگی از دامن من
1074,erfan,بیفشان از وضو بر رویم آن آب که از غفلت نماند در سرم خواب …
1075,erfan,منم چون نامه خود روسیاهی سیه‌رو مانده بی روی و راهی
1076,erfan,نگاهی کن که رو آرم به سویت رهی بنما که جا گیرم به کویت
1077,erfan,الهی جانب من کن نگاهی مرا بنما به سوی خویش راهی …
1078,erfan,به چشم مرحمت سویم نظر کن شفیع جرم من خیرالبشر کن
1079,erfan,به نام چاشنی‌بخش زبان‌ها حلاوت‌سنج معنی در بیان‌ها …
1080,erfan,به شهدی داده خوبان را شکرخند که دل با دل تواند داد پیوند …
1081,erfan,به سنگی بخشد آن‌سان اعتباری که بر تاجش نشاند تاج‌داری
1082,erfan,به خاک تیره‌ای بخشد عطایش چنان قدری که گردد دیده جایش
1083,erfan,ز گل تا سنگ وز گل‌گیر تا خار از او هر چیز با خاصیتی یار
1084,erfan,به آن خاری که در صحرا فتاده دوای درد بیماری نهاده
1085,erfan,نروید از زمین شاخ گیایی که ننوشته‌ست بر برگش دوایی
1086,erfan,در نابسته احسان گشاده‌ست به هر کس آن‌چه می‌بایست داده‌ست …
1087,erfan,اگر لطفش قرین حال گردد همه ادبارها اقبال گردد
1088,erfan,وگر توفیق او یک سو نهد پای نه از تدبیر کار آید نه از رای
1089,erfan,در آن موقف که لطفش روی‌پیچ است همه تدبیرها هیچ است هیچ است
1090,erfan,خرد را‌گر نبخشد روشنایی بماند تا ابد در تیره‌رایی
1091,erfan,کمال عقل آن باشد در این راه که گوید نیستم از هیچ آگاه
1092,erfan,گر مرد رهی میان خون باید رفت از پای فتاده سرنگون باید رفت
1093,erfan,تو پای به راه در نه و هیچ مگوی خود راه بگویدت که چون باید رفت
1094,erfan,ره‌برم شو زآن که گمراه آمدم دولتم ده گرچه بی‌گاه آمدم
1095,erfan,نیستم نومید و هستم بی‌قرار بوکه درگیرد یکی از صد هزار
1096,erfan,یک نظر سوی دل پر خونم آر وز میان این همه بیرونم آر …
1097,erfan,ای ز فضلت ناشده نومید کس حلقه و داغ توام جاوید بس …
1098,erfan,ای خرد سرگشته درگاه تو عقل را سررشته گم در راه تو
1099,erfan,جمله عالم به تو بینم عیان وز تو در عالم نمی‌بینم نشان …
1100,erfan,چند گویم چون نیایی در صفت چون کنم چون من ندارم معرفت
1101,erfan,به نام آن که ملکش بی‌زوال است به وصفش عقل صاحب نطق لال است
1102,erfan,مفرح‌نامه جان‌هاست نامش سر فهرست دیوان‌هاست نامش …
1103,erfan,چو عقل هیچ کس بالای او نیست کسی داننده آلای او نیست …
1104,erfan,وجود جمله ظل حضرت اوست همه آثار صنع و قدرت اوست
1105,erfan,نکوگویی نکو گفته‌ست در ذات که التوحید اسقاط الاضافات …
1106,erfan,دویی را نیست در نزدیک تو راه حقیقت ذات پاک قل هوالله
1107,erfan,تویی در جان و دل گنج نهانی تو گفتی کنت کنزا هم تو دانی …
1108,erfan,زهی گویا ز تو کام و زبانم تویی هم آشکارا هم نهانم …
1109,erfan,هر آن وصفی که گویم بیش از آنی یقین دانم که بی‌شک جان جانی …
1110,erfan,چو ما را نیست جز تقصیر طاعت چه وزن آریم مشتی کم‌بضاعت
1111,erfan,کنون چون اوفتاد این کار ما را خداوندا به ما مگذار مارا …
1112,erfan,اسرار ازل را نه تو دانی و نه من وین حل معما نه تو خوانی و نه من
1113,erfan,هست از پس پرده گفتگوی من و تو چون پرده بر افتد نه تو مانی و نه من
1114,erfan,هر کتب خرد که هست اگر بر خوانند در پرده اسرار شدن نتوانند
1115,erfan,ای دل چه آتشی که به هر باد برجهی نی نی دلا کز آتش و از باد برتری
1116,erfan,ای دل تو هر چه هستی دانم که این زمان خورشیدوار پرده افلاک می‌دری
1117,erfan,جانم فدات یا رب ای دل چه گوهری نی چرخ قیمت تو شناسد نه مشتری
1118,erfan,سی سال در پی تو چو مجنون دویده‌ام اندر جزیره‌ای که نه خشکی است و نی‌تری
1119,erfan,غافل بدم از آن که تو مجموع هستیی مشغول بود فکر به ایمان و کافری
1120,erfan,ایمان و کفر و شبهه و تعطیل عکس توست هم جنتی و دوزخ و هم حوض کوثری
1121,erfan,ای دل تو کل کونی بیرون ز هر دو کون ای جمله چیزها تو و از چیزها بری
1122,erfan,ای رو و پشت عالم در روی من نگر تا از رخ مزعفر من زعفران بری
1123,erfan,طاقت نماند و این سخنم ماند در دهان با صد هزار غم که نهانند چون پری
1124,erfan,ماه فرو ماند از جمال محمد سرو نباشد به اعتدال محمد
1125,erfan,قدر فلک را کمال و منزلتی نیست در نظر قدر با کمال محمد
1126,erfan,وعده دیدار هر کسی به قیامت لیله اسری شب وصال محمد
1127,erfan,آدم و نوح و خلیل و موسی و عیسی آمده مجموع در ظلال محمد
1128,erfan,عرصه گیتی مجال همت او نیست روز قیامت نگر مجال محمد
1129,erfan,و آن همه پیرایه بسته جنت فردوس بو که قبولش کند بلال محمد
1130,erfan,شمس و قمر در زمین حشر نتابد نور نتابد مگر جمال محمد …
1131,erfan,شاید اگر آفتاب و ماه نتابند پیش دو ابروی چون هلال محمد
1132,erfan,چشم مرا تا به خواب دید جمالش خواب نمی‌گیرد از خیال محمد
1133,erfan,سعدی اگر عاشقی کنی و جوانی عشق محمد بس است و آل محمد
1134,erfan,دیدم گل تازه چند دسته بر گنبدی از گیاه رسته
1135,erfan,گفتم چه بود گیاه ناچیز تا در صف گل نشیند او نیز
1136,erfan,بگریست گیاه و گفت خاموش صحبت نکند کرم فراموش
1137,erfan,گر نیست جمال و رنگ و بویم آخر نه گیاه باغ اویم
1138,erfan,من بنده حضرت کریمم پرورده نعمت قدیمم
1139,erfan,گر بى هنرم و گر هنرمند لطف است امیدم از خداوند
1140,erfan,با آن‌که بضاعتى ندارم سرمایه طاعتى ندارم
1141,erfan,او چاره کار بنده داند چون هیچ وسیلتش نماند
1142,erfan,رسم است که مالکان تحریر آزاد کنند بنده پیر
1143,erfan,اى بار خداى عالم‌آراى بر بنده پیر خود ببخشاى
1144,erfan,سعدى ره کعبه رضا گیر اى مرد خدا در خدا گیر
1145,erfan,بدبخت کسى که سر بتابد زین در که درى دگر بیابد
1146,erfan,از در بخشندگی و بنده‌نوازی مرغ هوا را نصیب و ماهی دریا
1147,erfan,قسمت خود می‌خورند منعم و درویش روزی خود می‌برند پشه و عنقا
1148,erfan,حاجت موری به علم غیب بداند در بن چاهی به زیر صخره صما …
1149,erfan,از همگان بی‌نیاز و بر همه مشفق از همه عالم نهان و بر همه پیدا
1150,erfan,پرتو نور سرادقات جلالش از عظمت ماورای فکرت دانا …
1151,erfan,هر که نداند سپاس نعمت امروز حیف خورد بر نصیب رحمت فردا
1152,erfan,کریم السجایا جمیل الشیم نبى البرایا شفیع الامم‏
1153,erfan,امام رسل پیشواى سبیل امین خدا مهبط جبرییل‏
1154,erfan,شفیع الورى خواجه بعث و نشر امام الهدى صدر دیوان حشر
1155,erfan,کلیمى که چرخ فلک طور اوست همه نورها پرتو نور اوست‏
1156,erfan,شفیع مطاع نبى کریم قسیم جسیم نسیم وسیم‏ …
1157,erfan,شبى بر نشست از فلک بر گذشت به تمکین و جاه از ملک در گذشت‏
1158,erfan,چنان گرم در تیه قربت براند که بر سدره جبریل از او باز ماند
1159,erfan,بدو گفت سالار بیت الحرام که اى حامل وحى برتر خرام‏
1160,erfan,چو در دوستى مخلصم یافتى عنانم ز صحبت چرا تافتى
1161,erfan,بگفتا فراتر مجالم نماند بماندم که نیروى بالم نماند
1162,erfan,اگر یک‌ سر موى برتر پرم فروغ تجلى بسوزد پرم‏ …
1163,erfan,چه نعت پسندیده گویم تو را علیک السلام اى نبى الورى‏
1164,erfan,درود ملک بر روان تو باد بر اصحاب و بر پیروان تو باد
1165,erfan,خدایا به حق بنى‌فاطمه که بر قولم ایمان کنم خاتمه‏
1166,erfan,اگر دعوتم رد کنى ور قبول من و دست و دامان آل رسول
1167,erfan,چه کم گردد اى صدر فرخنده پى ز قدر رفیعت به درگاه حی
1168,erfan,که باشند مشتى گدایان خیل به مهمان دار السلامت طفیل‏ …
1169,erfan,بلند آسمان پیش قدرت خجل تو مخلوق و آدم هنوز آب و گل‏
1170,erfan,تو اصل وجود آمدى از نخست دگر هرچه موجود شد فرع توست‏
1171,erfan,ندانم کدامین سخن گویمت که والاترى ز آنچه من گویمت‏
1172,erfan,تو را عز لولاک تمکین بس است ثناى تو طه و یاسین بس است‏
1173,erfan,اجزای تو جمله گوش میباید و بس جان تو سخن نیوش میباید و بس
1174,erfan,گفتی که مرد راه چون میباید نظارگی و خموش میباید و بس
1175,erfan,در رنگ یار بنگر تا رنگ زندگانی بر روی تو نشیند ای ننگ زندگانی
1176,erfan,افروخت روی دلکش شد سرخ همچو اخگر گفتا بس است درکش تا چند از این گدایی
1177,erfan,گفتم رسول حق گفت حاجت ز روی نیکو درخواه اگر بخواهی تا تو مظفر آیی
1178,erfan,گفتا که روی نیکو خودکامه است و بدخو زیرا که ناز و جورش دارد بسی روایی
1179,erfan,گفتم اگر چنان است جورش حیات جان است زیرا طلسم کان است هر گه بیازمایی
1180,erfan,گفت این حدیث خام است روی نکو کدام است این رنگ و نقش دام است مکر است و بی‌وفایی
1181,erfan,چون جان جان ندارد می‌دانک آن ندارد بس کس که جان سپارد در صورت فنایی
1182,erfan,گفتم که خوش عذارا تو هست کن فنا را زر ساز مس ما را تو جان کیمیایی
1183,erfan,تسلیم مس بباید تا کیمیا بیابد تو گندمی ولیکن بیرون آسیایی
1184,erfan,گفتا تو ناسپاسی تو مس ناشناسی در شک و در قیاسی زین‌ها که می‌نمایی
1185,erfan,گریان شدم به زاری گفتم که حکم داری فریاد رس به یاری ای اصل روشنایی
1186,erfan,چون دید اشک بنده آغاز کرد خنده شد شرق و غرب زنده زان لطف آشنایی
1187,erfan,ای همرهان و یاران گریید همچو باران تا در چمن نگاران آرند خوش لقایی
1188,erfan,اندر قمارخانه چون آمدی به بازی کارت شود حقیقت هر چند تو مجازی
1189,erfan,با جمله سازواری ای جان به نیک خویی این جا که اصل کار است جانا چرا نسازی
1190,erfan,گویی که من شب و روز مرد نمازکارم چون نیست ای برادر گفتار تو نمازی
1191,erfan,با ناکسان تو صحبت زنهار تا نداری شو همنشین شاهان‌گر مرد سرفرازی
1192,erfan,آخر چرا تو خود را کردی چو پای تابه چون بر لباس آدم تو بهترین طرازی
1193,erfan,بر خر چرا نشینی ای همنشین شاهان چون هست در رکابت چندین هزار تازی
1194,erfan,شیشه دلی که داری بربا ز سنگ جانان باری به بزم شاه آ بنگر تو دلنوازی
1195,erfan,در جانت دردمد شه از شادیی که جانت هم وارهد ز مطرب وز پرده حجازی
1196,erfan,سرمست و پای کوبان با جمع ماه رویان در نور روی آن شه شاهانه می‌گرازی
1197,erfan,شاهت همی‌نوازد کای پیشوای خاصان پیوسته پیش ما باش چون تو امین رازی
1198,erfan,گاه از جمال پستی گاه از شراب مستی گه با قدم قرینی گه با کرشم و نازی
1199,erfan,مقصود شمس دین است هم صدر و هم خداوند وصلم به خدمت او است چون مرغزی و رازی
1200,erfan,هر کس که در دل او باشد هوای تبریز گردد اگر چه هندو است او گلرخ طرازی
1201,erfan,ای دل ز بامداد تو بر حال دیگری وز شور خویش در من شوریده ننگری
1202,erfan,بر چهره نزار تو صفرای دلبری است تا خود چه دیده‌ای که ز صفراش اصفری
1203,erfan,هر ذره‌ای دوان است تا زندگی بیابد تو ذره‌ای نداری آهنگ زندگانی
1204,erfan,گر ز آنک زندگانی بودی مثال سنگی خوش چشمه‌ها دویدی از سنگ زندگانی
1205,erfan,در آینه بدیدم نقش خیال فانی گفتم چیی تو گفتا من زنگ زندگانی
1206,erfan,دل گفت فروکش کنم این شهر به بویش بیچاره ندانست که یارش سفری بود
1207,erfan,تنها نه ز راز دل من پرده برافتاد تا بود فلک شیوه او پرده دری بود
1208,erfan,منظور خردمند من آن ماه که او را با حسن ادب شیوه صاحب نظری بود
1209,erfan,از چنگ منش اختر بدمهر به در برد آری چه کنم دولت دور قمری بود
1210,erfan,عذری بنه‌ای دل که تو درویشی و او را در مملکت حسن سر تاجوری بود
1211,erfan,اوقات خوش آن بود که با دوست به سر رفت باقی همه بی‌حاصلی و بی‌خبری بود
1212,erfan,خوش بود لب آب و گل و سبزه و نسرین افسوس که آن گنج روان رهگذری بود
1213,erfan,خود را بکش ای بلبل از این رشک که گل را با باد صبا وقت سحر جلوه‌گری بود
1214,erfan,هر گنج سعادت که خدا داد به حافظ از یمن دعای شب و ورد سحری بود
1215,erfan,هر آن دل را که سوزی نیست دل نیست دل افسرده غیر از آب و گل نیست
1216,erfan,دلم پر شعله گردان سینه پر دود زبانم کن به گفتن آتش‌آلود
1217,erfan,کرامت کن درونی دردپرورد دلی در وی درون درد و برون درد
1218,erfan,به سوزی ده کلامم را روایی کز آن گرمی کند آتش گدایی
1219,erfan,در دایره‌ی وجود موجود علیست اندر دو جهان مقصد و مقصود علیست
1220,erfan,گر خانه‌ی اعتقاد ویران نشدی من فاش بگفتمی که معبود علیست
1222,erfan,ویران کردم بدست خود خانه‌ی دل چون دانستم که گنج در ویرانیست
1223,erfan,بر هر جاییکه سرنهم مسجود او است در شش جهت و برون شش معبود اوست
1224,khodavand,خدا مرهم نه دل‌های خسته است تسلی بخش دل‌های شکسته است
1226,khodavand,جز خدا کس خالق تقدیر نیست چاره تقدیر از تدبیر نیست
1227,khodavand,یا رب دل پاک و جان آگاهم ده آه شب و گریه سحرگاهم ده
1228,khodavand,خداوندا بدان ذات خداوندی‌ که‌‌گر خواهد به قدرت چرخ را در دیده موری بگنجاند
1229,khodavand,به قهاری‌که قهرش پشه‌ای راگر دهد فرمان به زخم نیش او خرطوم پیلان را بپیچاند
1231,khodavand,که اویست جاوید برتر خدای خداوند نیکی ده و رهنمای
1232,khodavand,خداوندا تویی دانای عالم ز عالم برتری و از جان عالم
1233,khodavand,خداوندا تو می‌دانی که جانم از تو نشکیبد ازیرا هیچ ماهی را دمی از آب نگزیرد
1234,khodavand,ای خدا ای فضل تو حاجت روا باتو یاد هیچ کس نبود روا
1235,khodavand,ای نام تو بهترین سرآغاز بی نام تو نامه کی کنم باز
1236,khodavand,بر در شاهم گدایی نکته‌ای در کار کرد گفت بر هر خوان که بنشستم خدا رزاق بود
1237,khodavand,برگ درختان سبز پیش خداوند هوش هر ورقش دفتری است معرفت کردگار
1238,khodavand,یار بی پرده از در و دیوار در تجلی است یا اولی الابصار
1239,khodavand,چون بنده خدای خویش خواند باید که به جز خدا نداند
1240,khodavand,هر گل و برگی که هست یاد خدا می‌کند بلبل و قمری چه خواند یاد خداوندگار
1241,khodavand,خداوندا در توفیق بگشای نظامی را ره تحقیق بنمای
1242,khodavand,دلی ده کو یقینت را بشاید زبانی کافرینت را سراید
1243,khodavand,مده ناخوب را بر خاطرم راه بدار از ناپسندم دست کوتاه
1244,khodavand,درونم را به نور خود برافروز زبانم را ثنای خود در آموز
1245,khodavand,باد گلبوی سحر خوش می‌وزد خیز ای ندیم بس که خواهد رفت بر بالای خاک ما نسیم…
1246,khodavand,گر بسوزانی خداوندا جزای فعل ماست ور ببخشی رحمتت عامست و احسانت قدیم
1247,khodavand,گرچه شیطان رجیم از راه انصافم ببرد همچنان امید می‌دارم به رحمن رحیم
1248,khodavand,آن که جان بخشید و روزی داد و چندین لطف کرد هم ببخشاید چو مشتی استخوان باشم رمیم
1249,khodavand,سعدیا بسیار گفتن عمر ضایع کردن است وقت عذر آوردنست استغفرالله العظیم
1250,khodavand,خداوندا گنهکاریم جمله ز کار خود در آزاریم جمله
1251,khodavand,نیاید جز خطاکاری ز ما هیچ ز ما صادر نگردد جز خطا هیچ
1252,khodavand,ز ما غیر از گنهکاری نیاید گناه آید ز ما چندانکه باید…
1253,khodavand,به ذکر خود بلند آوازه‌ام کن رفیق لطف بی‌اندازه‌ام کن
1255,khodavand,سرشکم دانه تسبیح گردان مرا زان دانه کن تسبیح‌گردان
1257,khodavand,بیفشان از وضو بر رویم آن آب که از غفلت نماند در سرم خواب…
1258,khodavand,الهی جانب من کن نگاهی مرا بنما به سوی خویش راهی
1259,khodavand,چو وحشی جز گنه کاری ندارم تو می‌دانی که من خود در چه کارم…
1261,khodavand,گر گناهی کردم و دارم خداوندا ببخش چون گنه را عذر می‌آرم خداوندا ببخش
1262,khodavand,پای خجلت را روایی نیست بر درگاه تو دست حاجت پیش می‌دارم خداوندا ببخش
1263,khodavand,گر گناهم سخت بسیارست رحمت نیز هست بر گناه سخت بسیارم خداوندا ببخش
1264,khodavand,چون پذیرفتار بدرفتار نادانان تویی بر من نادان و رفتارم خداوندا ببخش
1265,khodavand,مایه‌داران نقد روز رفته بازآرند و من بی زر این شهر و بازارم خداوندا ببخش
1266,khodavand,پیشت از روز الست آوردم اقرار بلی هم بر آن پیشینه اقرارم خداوندا ببخش
1267,khodavand,بخششت عامست و می‌بخشی سزای هر کسی گر به بخشایش سزاوارم خداوندا ببخش
1268,khodavand,ناامیدی بردم از یاران که می‌اندوختم روز نومیدی تویی یارم خداوندا ببخش
1269,khodavand,آبرویم نیست اندر جمع خاصان را ولی آب چشمم هست و می‌بارم خداوندا ببخش
1270,khodavand,عالمی بر عیب و تقصیرم تو یارب دست گیر واقفی بر غیب و اسرارم خداوندا ببخش
1271,khodavand,گفته‌ای بر زاری افتادگان بخشش کنم اینک آن افتاده زارم خداوندا ببخش…
1272,khodavand,اوحدی‌وار از گناه خود فغانی می‌کنم بر فغان اوحدی‌وارم خداوندا ببخش
1273,khodavand,خداوندا دلم را چشم بگشای به معراج یقینم راه بنمای
1274,khodavand,به رحمت باز کن گنجینه جود درونم خوان به شادروان مقصود
1275,khodavand,دلی بخش از ثنای خویش معمور زبانی ز آفرین دیگران دور
1276,khodavand,دراسانیم شکر اندیش گردان به دشواری سپاسم بیش گردان
1277,khodavand,امیدم را به جایی کش عماری که باشد پیشگاه رستگاری
1278,khodavand,چو خود برداشتی اول ز خاکم مده آخر به طوفان هلاکم
1279,khodavand,منم که نیست شب و روز جز گنه کارم گناهکارم و امید عفو می‌دارم
1280,khodavand,امیدوار به فضل خدا و هر روزی هزار بار خدا را ز خود بیازارم…
1281,khodavand,مهیمنا ملکا قادرا خداوندا تویی ریوف و رحیم و عفو و غفارم
1282,khodavand,ز کرده توبه و استغفر الله از گفته اگر چه خوب و پسندیده است گفتارم
1283,khodavand,در آن زمان که امید از حیات قطع کنم ز لطف و رحمت خود ناامید مگذارم
1284,khodavand,اگر چه من به رضایت نکرده‌ام کاری تو رحمتی کن و ناکرده کرده انگارم
1285,khodavand,من بغیر از تو نه‌بینم درجهان قادرا پروردگارا جاودان
1286,khodavand,من ترا دانم ترا دانم ترا حق ترا کی غیر باشد ای خدا
1287,khodavand,چون به جز تو نیست در هر دو جهان لاجرم غیری نباشد در میان
1288,khodavand,اولین و آخرین و ای احد ظاهرین و باطنین و بی عدد
1289,khodavand,این جهان و آن جهان و در نهان آشکارا در نهان و در عیان
1290,khodavand,هم عیان و هم نهان پیدا تویی هم درون گنبد خضرا تویی
1291,khodavand,در ازل بودی و باشی همچنان تا ابد هستی و باشی جاودان…
1292,khodavand,عالمان در علم او درمانده‌اند عارفان از عرف او وامانده‌اند
1293,khodavand,عاشقان از عشق او حیران شدند هر دم از نوعی دگر بی‌جان شدند
1294,khodavand,این همه گفتیم لیک اندر بسیچ بی‌عنایات خدا هیچیم هیچ
1295,khodavand,بی‌عنایات حق و خاصان حق گر ملک باشد سیاهستش ورق
1296,khodavand,ای خدا ای فضل تو حاجت روا با تو یاد هیچ کس نبود روا…
1297,khodavand,قطره‌ای کو در هوا شد یا که ریخت از خزینه قدرت تو کی گریخت
1298,khodavand,گر در آید در عدم یا صد عدم چون بخوانیش او کند از سر قدم
1299,khodavand,صد هزاران ضد ضد را می‌کشد بازشان حکم تو بیرون می‌کشد
1300,khodavand,از عدم‌ها سوی هستی هر زمان هست یا رب کاروان در کاروان
1301,khodavand,خاصه هر شب جمله افکار و عقول نیست گردد غرق در بحر نغول
1309,khodavand,ای آن که طلب کار خدایی به خود آ از خود بطلب کز تو خدا نیست جدا
1310,khodavand,اول به خود آ چون به خود آیی به خدا اقرار بیاری به خدایی خدا
1316,khodavand,با خدا باش و نصرت از وی خواه که مددها ز آسمان آمد
1318,khodavand,راهی به خدا دارد خلوتگه تنهایی آنجا که روی از خود آنجا که به خود آیی
1319,khodavand,هر جا که سری بردم در پرده تو را دیدم تو پرده نشینی و من هرزه‌ی هر جایی
1320,khodavand,اول دفتر به نام ایزد دانا صانع پروردگار حی توانا
1321,khodavand,اکبر و اعظم خدای عالم و آدم صورت خوب آفرید و سیرت زیبا
1322,khodavand,ارخدایا مهیمنی و مدبر وز همه عیبی مقدسی و مبرا
1323,khodavand,ما نتوانیم حق حمد تو گفتن با همه کروبیان عالم بالا
1324,khodavand,یارب آگاهی ز یارب‌های من حاضری در ماتم شب‌های من
1325,khodavand,خدایا رحمتت دریای عام است وز آنجا قطره‌ای ما را تمام است …
1326,khodavand,چون در دل ما آیی تو دامن خود برکش تا جامه نیالایی از خون جگر جانا
1327,khodavand,ای ماه برآ آخر بر کوری مه رویان ابری سیه اندرکش در روی قمر جانا
1328,khodavand,زان روز که زادی تو ای لب شکر از مادر آوه که چه کاسد شد بازار شکر جانا
1329,khodavand,گفتی که سلام علیک بگرفت همه عالم دل سجده درافتاده جان بسته کمر جانا
1330,khodavand,چون شمع بدم سوزان هر شب به سحر کشته امروز بنشناسم شب را ز سحر جانا
1331,khodavand,شمس الحق تبریزی شاهنشه خون ریزی ای بحر کمربسته پیش تو گهر جانا
1332,khodavand,ای ز مقدارت هزاران فخر بی‌مقدار را داد گلزار جمالت جان شیرین خار را
1333,khodavand,ای ملوکان جهان روح بر درگاه تو در سجودافتادگان و منتظر مر بار را
1334,khodavand, عقل از عقلی رود هم روح روحی گم کند چونک طنبوری ز عشقت برنوازد تار را
1335,khodavand,گر ز آب لطف تو نم یافتی گلزارها کس ندیدی خالی از گل سال‌ها گلزار را
1336,khodavand,محو می‌گردد دلم در پرتو دلدار من می‌نتانم فرق کردن از دلم دلدار را
1337,khodavand,دایما فخرست جان را از هوای او چنان کو ز مستی می‌نداند فخر را و عار را
1338,khodavand,هست غاری جان رهبانان عشقت معتکف کرده رهبان مبارک پر ز نور این غار را
1339,khodavand,گر شود عالم چو قیر از غصه هجران تو نخوتی دارد که اندرننگرد مر قار را
1340,khodavand,چون عصای موسی بود آن وصل اکنون مار شد ای وصال موسی وش اندرربا این مار را
1341,khodavand,ای خداوند شمس دین از آتش هجران تو رشک نور باقی‌ست صد آفرین این نار را
1342,khodavand,با نام خدا برای تان ضمن سلام از حضرت حق طلب کنم فیض مدام
1343,khodavand,فیضی که شود شروع آن صبح ظهور در خانه‌ی کعبه با تماشای امام
1369,khodavand,به جهان خرم از آنم که جهان خرم ازوست عاشقم بر همه عالم که همه عالم ازوست
1372,khodavand,به غنیمت شمر ای دوست دم عیسی صبح تا دل مرده مگر زنده کنی کاین دم ازوست
1373,khodavand,نه فلک راست مسلم نه ملک را حاصل آنچه در سر سویدای بنی‌آدم ازوست
1374,khodavand,به حلاوت بخورم زهر که شاهد ساقیست به ارادت ببرم درد که درمان هم ازوست
1375,khodavand,زخم خونینم اگر به نشود به باشد خنک آن زخم که هر لحظه مرا مرهم ازوست
1376,khodavand,غم و شادی بر عارف چه تفاوت دارد ساقیا باده بده شادی آن کاین غم ازوست
1377,khodavand,پادشاهی و گدایی بر ما یکسانست که برین در همه را پشت عبادت خم ازوست
1378,khodavand,سعدیا‌گر بکند سیل فنا خانه عمر دل قوی دار که بنیاد بقا محکم ازوست
1379,khodavand,به نام کردگار هفت افلاک که پیدا کرد آدم از کفی خاک
1380,khodavand,خداوندی که ذاتش بی‌زوالست خرد در وصف ذاتش گنگ و لالست
1381,khodavand,زمین و آسمان از اوست پیدا نمود جسم و جان از اوست پیدا
1382,khodavand,مه و خورشید نور هستی اوست فلک بالا زمین در پستی اوست
1383,khodavand,ز وصفش جانها حیران بمانده خرد انگشت در دندان بمانده
1384,khodavand,صفات لایزالش کس ندانست هر آن وصفی که گویی بیش ازانست
1385,khodavand,دو عالم قدره بیچون اویست درون جانها در گفت و گویست
1386,khodavand,ز کنه ذات او کس را خبر نیست بجز دیدار او چیزی دگر نیست
1387,khodavand,طلب گارش حقیقت جمله اشیا ز ناپیدایی او جمله پیدا
1388,khodavand,جهان از نور ذات او مزین صفات از ذات او پیوسته روشن
1399,khodavand,از بهر خدا بنگر در روی چو زر جانا هر جا که روی ما را با خویش ببر جانا
1402,khodavand,خدایا جهان پادشاهی تو راست ز ما خدمت آید خدایی تو راست
1408,khodavand,به این عالم ار آشنایی کنی ز خود بگذری و خدایی کنی
1409,khodavand,کنی خاک میخانه‌گر توتیا خدا را ببینی بچشم خدا
1410,khodavand,به میخانه آی و صفا را ببین ببین خویشتن را خدا را ببین
1411,khodavand,تو در حلقه می‌پرستان در آ که چیزی نبینی بغیر خدا
1412,khodavand,هرگز دلم از یاد تو غافل نشود گر جان بشود مهر تو از دل نشود
1413,khodavand,الله تویی و ز دلم آگاه تویی درمانده منم دلیل هرراه تویی
1414,khodavand,ملکا ذکر تو گویم که تو پاکی و خدایی
1415,khodavand,نروم جز به همان ره که توام راه نمایی
1416,khodavand,همه درگاه تو جویم همه از فضل تو پویم
1417,khodavand,همه توحید تو گویم که به توحید سزایی
1418,khodavand,تو زن و جفت نداری تو خور و خفت نداری
1419,khodavand,احد بی زن و جفتی ملک کامروایی
1420,khodavand,نه نیازت به ولادت نه به فرزندت حاجت
1421,khodavand,تو جلیل الجبروتی تو نصیر الامرایی
1422,khodavand,تو حکیمی تو عظیمی تو کریمی تو رحیمی
1423,khodavand,تو نماینده فضلی تو سزاوار ثنایی
1424,khodavand,بری از رنج و گدازی بری از درد و نیازی
1425,khodavand,بری از بیم و امیدی بری از چون و چرایی
1426,khodavand,بری از خوردن و خفتن بری از شرک و شبیهی
1427,khodavand,بری از صورت و رنگی بری از عیب و خطایی
1428,khodavand,نتوان وصف تو گفتن که تو در فهم نگنجی
1429,khodavand,نتوان شبه تو گفتن که تو در وهم نیایی
1430,khodavand,نبد این خلق و تو بودی نبود خلق و تو باشی
1431,khodavand,نه بجنبی نه بگردی نه بکاهی نه فزایی
1432,khodavand,همه عزی و جلالی همه علمی و یقینی
1433,khodavand,همه نوری و سروری همه جودی و جزایی
1434,khodavand,همه غیبی تو بدانی همه عیبی تو بپوشی
1435,khodavand,همه بیشی تو بکاهی همه کمی تو فزایی
1436,khodavand,خود را به خدا بسپار آن لحظه که تنهایی آن لحظه که دل دارد از تو طلب یاری
1437,khodavand,خود را به خدا بسپار همراه سراسر اوست دیگر تو چه می‌خواهی بهر طلب از دوست
1438,khodavand,خود را به خدا بسپار آن لحظه که گریانی آن لحظه که از غم‌ها بی تابی و حیرانی
1439,khodavand,خود را به خدا بسپار چون اوست نوازشگر چون ناز تو می‌خواهد او را ز درون بنگر
1443,khodavand,آفرینش همه تنبیه خداوند دلست دل ندارد که ندارد به خداوند اقرار
1444,khodavand,رسد آدمی به جایی که به جز خدا نبیند بنگر که تا چه حد است مکان آدمیت…
1445,khodavand,از خدا گم شده‏‌ایم او به جستجوست‏ چون ما نیازمند و گرفتار آرزوست‏
1452,khodavand,دو عالم قدرة بیچون اویست درون جانها در گفت و گویست
1456,khodavand,خوشا آنانکه الله یارشان بی بحمد و قل هو الله کارشان بی
1457,khodavand,خوشا آنانکه دایم در نمازند بهشت جاودان بازارشان بی
1458,khodavand,افتاده ز روی تو در آیینه دل عکسی که به هیچ وجه زایل نشود
1459,khodavand,خود را به خدا بسپار چون اوست که بی رنگ است چون وادی عشق او دور از همه نیرنگ است
1461,khodavand,ما زنده از اکرام تو ای هر دو عالم رام تو وی از حیات نام تو جانی گرفته نام دل
1470,khodavand,ره عقل جز پیچ بر پیچ نیست بر عارفان جز خدا هیچ نیست
1472,khodavand,من محو خدایم و خدا آن منست هر سوش مجویید که در جان منست
1473,khodavand,سلطان منم و غلط نمایم بشما گویم که کسی هست که سلطان منست
1474,khodavand,الله یکی صفات او بسیاری وز هر صفتی به عاشقی بازاری
1475,khodavand,خدایا چنان کن سر انجام کار تو خوشنود باشی و ما رستگار
1476,khodavand,تا رنج تحمل نکنی گنج نبینی تا شب نرود صبح پدیدار نباشد
1477,khodavand,یکی درد و یکی درمان پسندد یک وصل و یکی هجران پسندد
1478,khodavand,من از درمان و درد و وصل و هجران پسندم آنچه را جانان پسندد
1479,khodavand,جلوه بخت تو دل می‌برد از شاه و گدا چشم بد دور که هم جانی و هم جانانی
1480,khodavand,پیری آن نیست که بر سر زند موی سفید هر جوانی که به دل عشق ندارد پیر است
1481,khodavand,تیغ تیزی‌گر به دستت داد چرخ روزگار هرچه میخواهی ببر اما مبر نان کسی
1482,khodavand,زندگی آب روانی است روان می‌گذرد هر چه تقدیر من و توست همان می‌گذرد
1483,khodavand,درخت دوستی بنشان که کام دل به بار آرد نهال دشمنی بر کن که رنج بی شمار آرد
