,poetry,text
0,گفت : ای صِدّیق آخِر گفتمت / که مرا انباز کن در مکرمت,حضرت محمّد مصطفی (ص) گفت : ای صدّیق (ابوبکر) آخر به تو گفتم که مرا نیز در این کار جوانمردانه شریک کن .
1,گفت : ما دو بندگانِ کویِ تو / کردمش آزاد من بر رویِ تو,ابوبکر گفت : ما هر دو غلامِ آستانِ کویِ تو هستیم . من بلال را به خاطر گُلِ رویِ تو آزاد کردم .
2,تو مرا می دار بنده و یارِ غار / هیچ آزادی نخواهم ، زینهار,تو مرا به عنوان غلام نزدِ خود نگهدار . من ابداََ هیچ نوع آزادی از تو نمی خواهم .
3,که مرا از بندگیت آزادی است / بی تو بر من محنت و بی دادی است,زیرا آزادی من در اینست که غلامِ تو باشم . بدون وجود تو زندگی برای من مایۀ رنج و حرمان و ستم است .
4,این جهان را زنده کرده زِ اصطفا / خاص کرده عام را ، خاصه مرا,ای پیامبری که با برگزیده شدنت از سویِ حضرت حق ، جهان را زنده کرده ای . و عوام النّاس را به مرتبۀ بندگان خاصِ الهی رسانده ای . بویژه مرا چنین کرده ای .
5,1080) خواب ها می دیدم جانم در شباب / که سلامم کرد قرصِ آفتاب,جانِ من به دورانِ جوانی رویاهایی می دید . مثلاََ می دید که چشمۀ خورشید بر من سلام می کند .
6,1081) از زمینم برکشید او بر سما / همرهِ او گشته بودم ز ارتقا,و می دیدم که خورشید مرا از زمین برکند و به فرازِ آسمان بُرد . چنانکه در بلندی و رفعت همطرازِ او شده بودم .
7,1082) گفتم : این ماخولیا بود و مُحال / هیچ گردد مستحیلی وصفِ حال ؟,امّا هر بار که از خواب بیدار می شدم با خود می گفتم : این صحنه های رویایی محال است که تحقّق عینی یابد . بلکه نوعی مالیخولیاست که بر مغزم عارض شده است . زیرا مگر ممکن است که امری محال نقدِ حال واقع شود .
8,1083) چون تو را دیدم ، بدیدم خویش را / آفرین آن آینۀ خوش کیش را,همینکه تو را دیدم . یعنی ای پیامبری که به منزلۀ خورشید معنوی هستی . به محضِ آنکه تو را دیدم . حقیقتِ وجود خود را پیدا کردم . یعنی دریافتم که حقیقت انسان ، پوست و گوشت و استخوان نیست . بلکه گوهری است لطیف و نورانی . زهی بر آن آینۀ حقیقت نمایی که حقیقت را نشان داد .
9,1084) چون تو را دیدم ، مُحالم حال شد / جانِ من مُستَغرقِ اِجلال شد,همینکه تو را دیدم . امر محال برایم ممکن شد و جانم در دریای عظمت معنوی غرقه گشت . 
10,1085) چون تو را دیدم ، خود ای روحَ البِلاد /  مِهرِ این خورشید از چشمم فتاد,ای روحِ کالبدِ جهان ، به محض آنکه تو را دیدم . عشق خورشید طبیعت از نظرم افتاد و بی قدر شد .
11,1086) گشت عالی همّت از تو چشمِ من / جز به خواری ننگرد اندر چمن,چشمِ من از فیض دیدارت ، همّتی والا یافت . زین پس دیدگانِ من جز به حقارت به چمنزار ننگرد . یعنی تا قبل از آنکه به دیدارِ تو نائل شوم مجذوب زیبایی جهان بودم . امّا از وقتی که رویِ زیبای تو را دیدم دیگر زیبایی های جهان در نظرم رنگ باخته است .
12,1087) نور جُستم ، خود بدیدم نورِ نور / حُور جُستم ، خود بدیدم رَشکِ حُور,من در جستجوی نور بودم که نورالانوار را دیدم . نیز جویای حوریان بهشتی بودم که ناگهان صاحب جمالی را دیدم که حوریان بهشتی بر او غبطه می خورند .
13,1088) یُوسُفی جُستم لطیف و سیم تن / یُوسُفِستانی بدیدم در تو من,در جستجوی یوسفی زیبا و سپید اندام بودم که ناگاه در وجودِ تو شهر یوسفان را دیدم .
14,1089) در پیِ جنّت بُدم در جُست و جو / جنّتی بنمود از هر جُزوِ تو,من در جستجوی بهشت بودم که هر جزو از وجودِ تو بهشتی را به من نشان داد . یعنی ای محمّد (ص) وجود شریف تو آکنده از بهشت معرفت و فردوس صفا و وفاست .
15,1090) هست این نسبت به من مدح و ثنا / هست این نسبت به تو قدح و هِجا,این ستایشی که در حقِ تو کردم . نسبت به شأن نازل من مدح و ستایش محسوب می شود . امّ نسبت به شأن عالی تو نکوهش و بدگویی است .
16,1091) همچو مدحِ مردِ چوپانِ سلیم / مر خدا را پیشِ موسیِّ کلیم,مانند ستایش چوپان ساده لوحی که خدا را نزدِ موسای کلیم الله می ستود 
17,1092) که بجویم اِشپُشَت ، شیرت دهم / چارُقت دوزم من و پیشت نهم,چوپان می گفت : خداوندا تو کجایی که شپش هایت را در جامه ات پیدا کنم و شیر به تو دهم . چارُق تو را بدوزم و آن را جلو پایت جُفت کنم .
18,1093) قدحِ او را حق به مدحی بر گرفت / گر تو هم رحمت کنی ، نبوَد شگفت,حضرت حق ستایش های آن چوپان را که از نظر الفاظ و عبارات قدح آمیز و زننده بود به لطف خود ستایش محسوب داشت . اینک اگر تو (محمّد) به من رحم آوری و مدایح مرا که در خورِ شأن والای تو نیست . مدح بشمار آوری جای شگفتی نیست . زیرا تو رَحمَة لِلعالمین هستی .
19,1094) رحم فرما بر قصورِ فهم ها / ای ورایِ عقل ها و وهم ها,ای فراتر از عقول و اوهام بشری ، بر کوتاهی ادراک های بشری رحمت
20,1095) اَبُّهَاالعُشّاق اقبالی جدید / از جهانِ کهنۀ نوکُن رسید,ای عاشقان ، از جهان ازلی که همه چیز را نو می کند . اقبالی تازه رسید . 
21,1096) زآن جهان کو چارۀ بیچاره جُوست / صد هزاران نادرۀ دنیا در اوست,این اقبال تازه از جهانی رسید که چاره ساز کارِ بیچارگان است . و صدها هزار  حقایق شگفت انگیز و کمیاب در آن است .
22,1097) اَبشِرُوا یا قَومُ اِذ جاءَ الفَرَج / اِفرَحُوا یا قَومُ قَد زالَ الحَرَج,ای قوم ، مژده بادا که هنگام گشایش رسید . ای قوم شادمانی سر دهید که تنگی بر طرف شد .
23,1098) آفتابی رفت در کازۀ هِلال / در تقاضا که اَرِحنا یا بِلال,آفتابی به کوخِ هلال رفت تا این خواسته را گوید که ای بلال ، ما را برآسایان .
24,1099) زیرِ لب می گفتی از بیمِ عدو / کوریِ او بر مناره رَو ، بگو,ای بلال قبلاََ از ترس دشمن کافر ، نام حضرت حق را زیر لب می گفتی . ولی اینک به کوری چشمِ او بر فراز مناره برو و اذان بگو .
25,1100) می دمد در گوشِ هر غمگین ، بشیر / خیز ای مُدبِر ، رهِ اقبال گیر,بشارت دهنده در گوش هر شخص اندوهمندی چنین تَرنم می کند که : ای بدبخت ، برخیز و راه بخت و اقبال را پیش گیر . 
26,1101) ای در این حبس و در این گند و شُپُش / هین که تا کس نشنود رَستی ، خَمُش,ای بدبختی که در زندان نفسانیّات و در میان کثافات و شپش مانده ای . بهوش باش برای آنکه کسی از بدخواهان نشنود که تو از منجلاب نفسانیات رها شده ای .
27,1102) چون کنی خامُش کنون ؟ ای یارِ من / کز بُنِ هر مو برآمد طبل زن,ای یار من ، اینک که از بُنِ هر تارِ مویت طبّالی بر طبل می کوبد چگونه می توانی خاموش باشی ؟ 
28,1103) آنچنان کر شد عَدُوِّ رَشک خُو / گوید : این چندین دُهُل را بانگ کو ؟,دشمن حسود از شدّت حسادت چنان کر شده است که هر چند طبّالان را می بیند ولی بانگِ طبل را نمی شنود . پس صدای این همه طبل که می کوبند کو و کجاست ؟
29,1104) می زند بر رُوش رَیحان که طَری است / او ز کوری گوید : این آسیب چیست ؟,مثلاََ گُل و ریحان تر و تازه به صورتش می خورد . امّا او به سبب نابینایی می گوید : این دیگر چیست به صورتم می خورد و مزاحمم می شود ؟
30,1105) می شِکُنجد حور دستش می کشد / کور ، حیران کز چه دردم می کند ؟,یا مثلاََ زنی زیبارو دستش را وشگون می گیرد . امّا آن نابینا متحیّر و متغیّر می شود که این مزاحم کیست که مرا آزار می دهد ؟
31,1106) این کشاکش چیست بر دست و تنم ؟ / خفته ام ، بگذار تا خوابی کنم,آن نابینا می گوید این کشیدن و آزار دادن چیست که بر دست و بدنم عارض شده است ؟ من به خواب فرو رفته ام دست از سرم بردار تا بخوابم .
32,1107) آنکه در خوابش همی جویی ، وی است / چشم بگشا ، کآن مَهِ نیکو پی است,این همان کسی است که در رویا به دنبالش بودی . چشمانت را باز کن آن ماهِ خوش قَدَم در پیشِ توست .
33,1108) زآن ، بلاها بر عزیزان بیش بود / کآن تَجَمُّش یار با خوبان فزود,از آنرو بر عزیزان بیشتر بلا وارد می شود که حضرت معشوق با بندگان محبوب خود بیشتر عشقبازی می کند . 
34,1109) لاغ با خوبان کند در هر رهی / نیز کوران را بشوراند گهی,حضرت معشوق با بندگان محبوب خود در همۀ مراحل عمرشان بازی می کند . گاهی هم کوردلان را از طریق بلا و مصیبت شوریده حال و متغیّر کند . 
35,1110) خویش را یک دم بدبن کوران دهد / تا غریو از کویِ کوران برجهد,حضرت حق خود را از دریچۀ بلا لحظه ای به این کوردلان نشان می دهد تا فریادِ تضرّع و زاری آنان بلند شود .
36,1034) قهقه زد آن جهودِ سنگ دل / از سَرِ افسوس و طنز و غِشّ و غّل,آن کافرِ قسیّ القلب از رویِ استهزاء و شوخی و غرض ورزی و دشمنی قهقه ای سر داد .
37,1035) گفت صدّیقش که این خنده چه بود ؟ / در جوابِ پرسش ، او خنده فزود,صذّیق (ابوبکر) بدو گفت که این خنده چه بود که سر دادی ؟ آن کافر به جای جواب دادن به سؤال او خنده اش را زیادتر کرد .
38,1036) گفت : اگر جِدّت نبودی و غَرام / در خریداریِ این اَسوَدغلام,کافر به ابوبکر گفت : اگر در خرید این غلامِ سیاه اینقدر جدّیت و شیفتگی نشان نمی دادی .
39,1037) من ز استیزه نمی جوشیدمی / خود به عُشرِ اینش بفروشیدمی,من از رویِ دشمنی اینقدر جوش نمی زدم و حتّی حاضر بودم او را معادل یک دهم مالی که به من پرداختی بفروشم .
40,1038) کو به نزدِ من نیرزد نیم دانگ / تو گران کردی بهایش را به بانگ,زیرا بلال پیشِ من نیم پشیز هم نمی ارزد . امّا تو با داد و قالت قیمت او را بالا بردی .
41,1039) پس جوابش داد صدّیق ای غَبی / گوهری دادی به جَوزی چون صَبی,پس صدّیق (ابوبکر) در جواب آن کافر گفت : ای سبک مغز ، تو مانند کودکان ، جواهری را با دانه گردویی مبادله کردی .
42,1040) کو به نزدِ من همی ارزد دو کون / من به جانش ناظرستم ، تو به لَون,زیرا که بلال در نظر من به دو جهان می ارزد . امّا من به روح و باطنش نگاه می کنم و تو به قیافه و رنگ رویش . یعنی من باطن بینم و تو ظاهر بین
43,1041) زرِّ سرخ است او ، سیه تاب آمده / از برایِ رَشکِ این احمق کده,بلال به منزلۀ طلای نابی است که برای محفوظ ماندن از حسادت حاسدانی که در حماقت خانۀ دنیا می زیند ظاهرش سیاه شده است .
44,1042) دیدۀ این هفت رنگِ جسم ها / درنیاید زین نقاب آن روح را,چشم ظاهر که قادر به دیدن هفت رنگ است . از پشت این حجاب نمی تواند آن روح را ببیند. منظور بیت : چشم ظاهری و محسوس بین چون در حجاب جسم و مقتضیات عالَم محسوسات محصور شده نمی تواند حقیقت روح قدسی را بشناسد . چنانکه آن کافر ، مفتون ظاهر شده بود و لذا نتوانست ضمیر تابناک بلال را بشناسد.
45,1043) در مِکیسی کردیی در بَیع ، بیش / دادمی من جمله ملک و مالِ خویش,اگر در فروش بلال بیشتر چانه می زدی . همۀ ثروت و مال خود را به تو می دادم .
46,1044) ور مِکاس افزودیی ، من زاهتمام / دامنی زر کردمی از غیر وام,اگر باز بیشتر چانه می زدی . با سعی و تلاش ، یک دامن طلا از دیگران قرض می گرفتم و به تو می دادم .
47,1045) سهل دادی چون تو ارزان یافتی / دُر ندیدی ، حُقّه را نشکافتی,امّا چون تو بلال را ارزان به دست آورده ای . آسان هم از دستش دادی . و چون حُفّه را نگشودی مروارید را نیز در آن ندیدی . 
48,1046) حُقّۀ سَربسته جهلِ تو بداد / زود بینی که چه غَبنَت اوفتاد,حُقّۀ در بسته را از روی نادانی به من دادی . بزودی خواهی دانست که چه ضرری کردی .
49,1047) حُقّۀ پُر لعل را دادی به باد / همچو زنگی در سیه رویی تو شاد,حُقّۀ پُر از لعل را به باد دادی و مانند زنگیان به سیاهی چهرۀ خود می بالی و شادی سر می دهی .
50,1048) عاقبت واحَسرَتا گویی بسی / بخت و دولت را فروشَد خود کسی,بدان که سرانجام فریادِ دریغ و حسرت تو برخیزد . آیا ممکن است کسی بخت و اقبال حقیقی خود را بفروشد .
51,1049) بخت با جامۀ غلامانه رسید / چشمِ بدبختت بجز ظاهر ندید,بخت و اقبال حقیقی در لباس غلامان پیش تو آمد . ولی چشم ظاهربینِ تو بجز ظاهر چیز دیگری ندید .
52,1050) او نمودت بندگیِّ خویشتن / خویِ زشتت کرد با او مکر و فن,بلال ، صفت بندگی خود را به تو نشان داد . یعنی تو فقط بندگی او را دیدی نه آقایی او را . به همین جهت صفت ناپسند تو با او به مکر و حیله پرداخت
53,1051) این سیه اَسرارِ تن اسپید را / بُت پرستانه بگیر ای ژاژخا,ای یاوه گو اینک مانند بُت پرستان این غلام سپید تن و سیاه دل را بگیر . یعنی حالا که ظاهر غلام مرا که صورتی بس زیبا و رویی بغایت سفید دارد ولی دلش از کفر سیاه شده است دیدی . بگیر مالِ تو باشد .
54,1052) این تو را و آن مرا ، بُردیم سود / هین لَکُم دینُ وَلی دین ای جهود,این غلام را بگیر و در عوض بلال را به من بده . ما هر دو سود برده ایم . ای کافر بهوش باش که دین شما برای شما و دین من برای من است .
55,1053) خود سزایِ بت پرستان این بُوَد / جُلَّش اطلس ، اسبِ او چوبین بُوَد,سزای بُت پرستان یعنی ظاهر پرستان اینست که اسبی چوبین با زینی حریرین داشته باشند .
56,1054) همچو گورِ کافران پُر دود و نار / وز برون بَربَسته صد نقش و نگار,صورت بدون محتوا مانند قبر کافران است که اندرونش آکنده از دود و آتش است . ولی نمای بیرونی اش از نقش و نگارهای بسیار آراسته شده است .
57,1055) همچو مالِ ظالمان ، بیرون جمال / وز درونش خونِ مظلوم و وبال,نیز صورت ظاهر مانند اموال و دارایی های ستمگران است که ظاهری جذّاب و دلنشین دارد . امّا در باطن تشکیل شده است از خون مظلومان و عذاب اُخروی .
58,1056) چون منافق از برون صَوم و صَلات / وز درون خاکِ سیاهِ بی نبات,همچنین صورت ظاهر مانند اهل نفاق است که ظاهراََ روزه می گیرند و نماز می خوانند . امّا چون طاعت و عبادت آنان ریاکارانه است دلشان همچون خاک سیاهِ نامطلوبی است که هیچ گیاهی در آن نمی روید .
59,1057) همچو ابری ، خالیی پُر قَرّ و قُر / نه در او نفعِ زمین ، نه قوتِ بُر,نیز صورت ظاهر مانند ابر خالی از بارانی است که تُندَر و سَر و صدا دارد ولی نه برای زمین سود دارد و گندم و سایر محصولات پدید می آورد . 
60,1058) همچو وعدۀ مکر و گفتارِ دروغ / آخِرش رسوا و اوّل با فروغ,همچنین صورت ظاهر مانند وعده های مکرآمیز و سخنان دروغین است . هر چند در ابتدا جلوه و زرق و برقی دارند . ولی سرانجام موجبِ رسوایی و بَدنامی می شوند
61,1059) بعد از آن بگرفت او دستِ بِلال / آن ز زخمِ ضِرسِ محنت چون خِلال,سپس ابوبکر دست بلال را گرفت . همان بلالی که از گزیدن دندانِ محنت و بلا مانندِ چوبِ خلال دندان باریک شده بود . 
62,1060) شد خِلالی ، در دهانی راه یافت / جانبِ شیرین زبانی می شتافت,بلال که همچون چوبِ خلال ، باریک شده بود به دهانی راه پیدا کرد . اینک به سوی شخصی شیرین کلام یعنی پیامبر (ص) راه می یافت .
63,1061) چون بدید آن خسته ، رویِ مصطفی / خَرَّ مَغشِیّاََ فتاد او بر قَفا,همینکه بلال مجروح ، رُخسار محمّد مصطفی (ص) را دید بیهوش شد و طاقباز روی زمین افتاد . 
64,1062) تا به دیری بی خود و بی خویش ماند / چون به خویش آمد ، ز شادی اشک راند,بلال تا دیر زمانی در حالت محو و استغراق روی زمین افتاد و همینکه به خود آمد از شدّت شادی به گریه درآمد 
65,1063) مصطفی اش در کنارِ خود کشید / کس چه داند بخششی کو را رسید ؟,مصطفی (ص) او را در آغوش خود کشید . کسی چه می داند که با این دیدار چه موهبتی به بلال رسید ؟
66,1064) چون بُوَد مَسّی که بر اِکسیر زد ؟ / مُفلسی بر گنجِ پُر توفیر زد ؟,مِسی که با کیمیا برخورد کند چه حالی می یابد ؟ مسلماََ به طلا تبدیل می شود و ارتقای ماهُوی پیدا می کند . یا مثلاََ فقیری که به گنجینه ای سرشار دست یازد چه حالی پیدا می کند ؟ 
67,1065) ماهی پژمرده در بحر اوفتاد / کاروانِ گم شده زد بر رَشاد,گویی که مثلاََ ماهی نیمه جانی به دریا راه یافته است . و یا کاروانِ گمگشته راهی ، راه را پیدا کرده است .
68,1066) آن خِطاباتی که گفت آن دَم نَبی / گر زند بر شب ، برآید از شبی,آن گفتارهایی که پیامبر (ص) در آن لحظه به بلال فرمود . اگر به شب بگوید . شب از شب بودن بیرون می آید .
69,1067) روزِ روشن گردد آن شب چون صَباح / من نتانم باز گفت آن اصطلاح,آن شب ، همچون بامداد ، روشن می گردد . من قادر نیستم آن عبارات را بازگو کنم .
70,1068) خود تو دانی ، کآفتابی در حَمَل / تا چه گوید با نبات و با دَقَل,تو خود نیک می دانی که آفتاب در موسم بهار به سبزه ها و میوه های کال چه می گوید .
71,1069) خود تو دانی هم که آن آبِ زُلال / می چه گوید با رَیاحین و نهال,تو خود نیک می دانی که آبِ زُلال به گلها و درختانِ نُو رُسته چه می گوید .
72,1070) صنعِ حق با جمله اجزایِ جهان / چون دَم و حرف است از افسونگران,فعلِ خلّاقِ الهی بر همه ذرّات و کائنات جهان مانندِ افسون و اورادِ افسونگران اثر می گذارد . یعنی بطور شگفت انگیزی به ذرّات و موجودات جهان ، حیات و نشاط می بخشد .
73,1071) جذبِ یزدان با اثرها و سبب / صد سخن گوید نهان بی حرف و لب,جاذبۀ خداوند بدون حرف و سخنی از طریق آثار و اسباب ، سخنان بسیار گوید .
74,1072) نه که تأثیر از قَدَر معمول نیست / لیک تأثیرش از او معقول نیست,اینطور نیست که تأثیرات و تحولاتی که در عرصۀ هستی پیدا می شود ناشی از تقدیر الهی نباشد . ولی چگونگی این تأثیرات و تحولات از حیطۀ ادراک بشری فراتر است .
75,1073) چون مُقلِّد بود عقل اندر اُصول / دان مُقلِّد در فُروعش ، ای فَضول,از آنرو که عقل جزئی و سطحی اندیش در اصول ، مقلّد است . ای یاوه گو بدان که در فروع نیز مقلّد است .
76,1074) گر بپرسد عقل چون باشد مرام ؟ /  گو چنانکه تو ندانی ,هرگاه عقلِ جزئی از حقایقِ مافوقِ ادراکش سؤال کرد و گفت آن حقایق چیست ؟ در جوابش بگو : تو را نرسد که آن را درک کنی .
77,989) مصطفی گفتش که ای اقبال جُو / اندرین من می شوم انبازِ تو,مصطفی (ص) به ابوبکر فرمود : ای جویندۀ دولت و اقبال معنوی ، در این داد و ستد من نیز شریک تو می شوم .
78,990) تو وکیلم باش ، نیمی بهرِ من / مشتری شو ، قبض کن از من ثَمَن,تو وکیل من باش و نصف بهای او را از جانب من بپرداز و سپس بهای آن  را از من بگیر .
79,991) گفت : صد خدمت کنم ، رفت آن زمان / سویِ خانۀ آن جهودِ بی امان,ابوبکر گفت : صد بار خدمت می کنم به رویِ چشم . و در همان لحظه  بدون هیچ معطلی به طرف خانۀ آن کافر یعنی صاحب بلال رفت .
80,992) گفت با خود کز کفِ طفلان گُهر / بس توان آسان خریدن ای پدر,ابوبکر در اثنای راه پیشِ خود گفت : پدر جان ، گوهر را از دست کودکان براحتی می توان خرید 
81,993) عقل و ایمان را از این طفلانِ گول / می خرد با مُلکِ دنیا دیوِ غول,شیطان فریفتار به وسیلۀ متاع دنیا ، عقل و ایمان را از این کودکانِ ابله می خرد .
82,994) آنچنان زینت دهد مُردار را / که خَرَد ز ایشان دو صد گُلزار را,مُردار را چنان می آراید . یعنی شیطان دنیا را که به منزلۀ مُردار است چنان زینت می بخشد که به ازای آن گلستان های فراوانی را ار آنان می خَرد .
83,995) آنچنان مهتاب بنماید به سِحر / کز خَسان صد کیسه بِرباید به سِحر,مهتاب را با جادو چنان نشان می دهد که از دست مردمان فرومایه صد کیسه می رباید . 
84,996) انبیاشان تاجری آموختند / پیشِ ایشان شمعِ دین افروختند,پیامبران راه تجارت را به اطفال دنیا تعلیم داده اند و در برابر آنان شمع دین و ایمان روشن کرده اند 
85,997) دیو و غولِ ساحر از سِحر و نبرد / انبیا را در نظرشان زشت کرد,امّا شیطان و غولِ جادوگر بوسیلۀ جادو و عناد پیامبران را نظرشان زشت جلوه داده اند .
86,998) زشت گرداند به جادویی عدو / تا طلاق افتد میانِ جُفت و شُو,دشمن بوسیلۀ جادو ، زن و شوهر را در نظر یکدیگر بد جلوه می دهد تا میان زن و شوهر طلاق رُخ دهد .
87,999) دیده هاشان را به سِحری دوختند / تا چنین جوهر به خَس بفروختند,شیاطین بوسیلۀ سِحر و جادو چشم دلِ اهل دنیا را بستند تا آنکه سرانجام چنین گوهر گرانقدری را  به چیزی حقیر و بی ارزش فروختند . 
88,1000) این گهر از هر دو عالم برتر است / هین بخر زین طفلِ جاهل ، کو خر است, ابوبکر ضمن رفتن به سوی خانۀ صاحب بلال با خود گفت : این گوهر یعنی وجود شریف بلال از هر دو جهان ارزشمندتر است
89,1001) پیشِ خر ، خرمُهره و گوهر یکی ست / آن اِشَک را در دُر و دریا شکی ست,در نظر خر ، خرمُهره و گوهر یکسان است . اصولاََ آن خر در وجود مروارید و دریا شک دارد . یعنی نه دریا را می شناسد و نه مروارید .
90,1002) مُنکرِ بحر است و گوهرهایِ او / کی بُوَد حیوان دُر و پیرایه جُو, او دریا و گوهرهای آن را انکار می کند . یعنی آدم خر صفت گوهرهای عرفان و ایقان دریای حقیقت را انکار می کند . حیوان چگونه ممکن است خواهان مروارید و زیور باشد ؟
91,1003) در سرِ حیوان خدا ننهاده است / کو بُوَد در بندِ لعل و دُرپَرست,خداوند در مغز حیوان چنین گرایشی را قرار نداده که در بندِ لعل باشد و خواهان مروارید گردد 
92,1004) مر خران را هیچ دیدی گوشوار ؟ / گوش و هوشِ خر بُوَد در سبزه زار,آیا تا به حال دیده ای که خران گوشواره به گوش خود آویران کنند ؟ زیرا همۀ هوش و حواسِ خران متوجّه علفزار است . 
93,1005) اَحسَن التَّقویم در والتّین بخوان / که گرامی گوهر است ای دوست ، جان, آیه لَقَد خَلَقنَاالاِنسانَ فی اَحسَن التَّقویم را در سورۀ تین تلاوت کن . زیرا که ای رفیق ، جان ، گوهری است گرانبها .
94,1006) اَحسَن التَّقویم ، از عرش او فزون / اَحسَن التَّقویم ، از فکرت برون,جان انسانی که در نکوترین هنجار آفریده شده از نظر والایی حتّی از عرش هم بالاتر است و عظمت و رفعت او در اندیشه نمی گنجد .
95,1007) گر بگویم قیمتِ این مُمتَنِع / من بسوزم ، هم بسوزد مُستَمِع, اگر من بخواهم قیمت این جان را که بس عالی و رفیع القدر است شرح دهم . هم من می سوزم و هم شنونده
96,1008) لب ببند اینجا و ، خر این سو مَران / رفت این صدّیق سویِ آن خَران,پس حالا که به اینجا رسیدی خاموش شو و بدین مطلب مپرداز . خلاصه این صدّیق نزدِ آن خرصفتان رفت 
97,1009) حلقۀ در زد ، چو در را بر گشود / رفت بی خود در سرایِ آن جهود,ابوبکر حلقۀ در را به صدا درآورد . چون افر در را باز کرد . ابوبکر بی خویش و بی اختیار به خانۀ او درآمد .
98,1010) بی خود و سرمست و پُر آتش نشست / از دهانش بس کلامِ تلخ جَست, اابوبکر بی خویش و بی اختیار و آتشین نشست و سخنان تلخ و گزندۀ بسیار گفت .
99,1011) کین وَلیُّ الله را جون می زنی ؟ / این چه حِقد است ؟ ای عَدُوِّ روشنی,گفت : آخر ای نورستیز ، یعنی ای کسی که با نور ایمان و معرفت عناد می ورزی . این دیگر چه کینه ای است که تو داری ؟ چرا این ولیِّ خدا را کتک می زنی .
100,1012) گر تو را صِدقی است اندر دینِ خَود / ظلم بر صادق ، دلت چون می دهد ؟,اگر تو در دین و آیینِ خود که شِرک و بت پرستی است . صِدق و صفایی داری . چگونه دلت می آید که نسبت به این انسان راستین و صادق ستم روا داری ؟
101,1013) ای تو در دینِ جهودی ماده ای / کین گمان داری تو بر شهزاده ای ؟,ای کسی که در آیین کافری ناصادقی . چرا در بارۀ شاهزاده ای چون بلال چنین گمانی می بری ؟ 
102,1014) در همه ز آیینۀ کژسازِ خَود / منگر ای مردودِ نفرینِ ابد,ابوبکر افزود : ای ملعونِ ابدی خدا و خلق ، همه را در آینه وارونه نمای قلبِ خود مبین .
103,1015) آنچه آن دَم از لبِ صدّیق جَست / گر بگویم ، گُم کنی تو پای و دست, اگر سخنانی را که آن لحظه از دهان صدّیق (ابوبکر) بیرون آمد به تو بگویم . دست و پایت را گم می کنی .
104,1016) آن یَنابیعُ الحِکم همچون فُرات / از دهانِ او دوان ، از بی جِهات,چشمه ساران حکمت و فرزانگی مانند رود فُرات از عالَمِ لامکان سرازیر می شد و بر زبان او جاری می گشت .
105,1017) همچو از سنگی که آبی شد روان / نه ز پهلو مایه دارد ، نه از میان,مانند آبی که از دل سنگی می تراود . آن آب از پهلو و میانۀ سنگ نشأت نمی گیرد . یعنی درست است که ظاهراََ چشمۀ آب از دلِ سنگی بیرون می آید .
106,1018) اِسپرِ خود کرده حقّ آن سنگ را / برگشاده آبِ مینا رنگ را,حق تعالی آن سنگ را سپرِ خود کرده است و آبِ آبی رنگ را از آن روان ساخته است .
107,1019) همچنان کز چشمۀ چشمِ تو نور / او روان کرده ست بی بُخل و فُتور,همانطور که حضرت حق ، بی دریغ و بی هیچ سُستی ، نور بینایی را از چشمۀ چشمِ تو جاری ساخته است .
108,1020) نه ز پیه آن مایه دارد ، نه ز پوست / روی پوشی کرد در ایجاد ، دوست,نور دیده نه از چربی چشم مایه می گیرد و نه از پوستِ آن .در پدید آوردن نور بینایی دستگاهِ ظاهری چشم را پردۀ آن کرده است .
109,1021) در خَلایِ گوش ، بادِ جاذبش / مُدرِکِ صِدقِ کلام و کاذبش,در فضای خالی گوش ، بادی جذب کننده قرار دارد که سخنان راست و دروغ را می شنود .
110,1022) آن چه باد است اندر آن خُرد استخوان ؟ / کو پذیرد حرف و صوتِ قصّه خوان,در آن استخوان کوچک ، چه بادی وجود دارد که حرف و صدای گوینده را می شنود ؟
111,1023) استخوان و باد ، روپوش است و بس / در دو عالَم غیرِ یزدان نیست کس,استخوان و باد ، حجابی بیش نیست . اگر نیک بنگری خواهی دید که در دو جهان جز خدا کسی وجود ندارد .
112,1024) مستمع او ، قایل او ، بی احتجاب / زآنکه اَلاُذنان مِنَ الرَّأس ای مُثاب,آنکه بی حجاب و واسطه می شنود و می گوید حضرت حق است . زیرا ای به پاداش رسیده ، دو گوش هم جزو سَر است . 
113,1025) گفت : رحمت گر همی آید بَر او / زر بده ، بِستانش ، ای اِکرام جُو,گفت : اگر دلت به حال بلال می سوزد . ای سخاوت منش ، همیان طلا بده و او را از من بخر 
114,1026) از مَنَش واخَر چو می سوزد دلت / بی مَوُونت حل نگردد مشکلت,حال که دلت به حال او می سوزد . او را از من بخر . بدان که بدون هزینه و پرداخت زر و سیم مشکلِ تو حل نخواهد شد .
115,1027) گفت : صد خدمت کنم ، پانصر سُجود / بنده یی دارم نکو ، لکن جهود,گفت : صد نوع خدمت می کنم و به شکرانۀ این داد و ستد پانصد مرتبه در برابر حضرت حق سجده می کنم . من غلامی دارم بسیار زیبا ولی او مانند تو کافر است .
116,1028) تن سپید و دل سیاه اَستَش ، بگیر / در عوض دِه تن سیاه و دل مُنیر,گر چه پوست تن او سفید است ولی دلش از انکدار کفر سیاه شده است . آن غلام را به تو می دهم و در عوض این غلام سیاه و روشن ضمیر (بلال) را به من بده .
117,1029) پس فرستاد و بیآورد آن هُمام / بود اَلحَق سخت زیبا آن غلام,سپس ابوبکر کسی را فرستاد به منزل خویش ، و آن فرستاده رفت و غلام را آورد . آن غلام حقیقتاََ بسیار زیبا بود .
118,1030) آنچنان که ماند حیران آن جهود / آن دلِ چون سنگش از جا رفت زود,غلام چنان زیبا و جذّاب بود که آن کافر (صاحب بلال) سخت دچار حیرت شد و دلِ سنگِ او فوراََ تکان خورد .
119,1031) حالتِ صورت پرستان این بُوَد / سنگشان از صورتی مُومین بُوَد,ظاهرپرستان چنین حالی دارند و دلِ سنگ و سختشان از مشاهدۀ صورت و قالبی زیبا مانند موم نرم می شود .
120,1032) باز کرد استیزه و راضی نشد / که برین افزون بده بی هیچ بُد,امّا آن کافر ناسازگاری و ناخرسندی اظهار کرد و گفت : باید علاوه بر دادن این غلام زیبا رُخسار مقداری پول نقد هم بدهی و اِلّا معامله فسخ می شود .
121,1033) یک نصاب نقره هم بر وی فزود /  تا که راضی گشت حرصِ آن جهود,ابوبکر دویست دِرهم نیز اضافه پرداخت کرد تا آنکه حرص و طمع آن کافر ارضا شد .
122,953) بعد از آن صدّیق پیشِ مصطفی / گفت حالِ آن بِلالِ با وفا,بعد از آن صدّیق (ابوبکر) در محضر محمّد (ص) حالِ بِلالِ وفادار را بیان کرد .
123,954) کآن فلک پیمایِ مَیمون بالِ چُست / این زمان در عشق و اندر دامِ توست,ابوبکر گفت آن بلال که در مراتب عالیه جهان برین سیر می کند و خجسته بال و چالاک است . اینک گرفتار عشق تو شده است و به دامِ حُبِّ تو اسیر گشته است .
124,955) بازِ سلطان است زآن جغدان به رنج / در حَدَث مدفون شده است آن زَفت گنج, همچون بازِ بلند پرواز شاه است که از آن جغدان در رنج و عذاب می باشد . بلال همچون گنجی عظیم است که در سِرگین مدفون شده است . 
125,956) جُغدها بر باز اِستم می کنند / پَرّ و بالش بی گناهی می کنند,جغدها نسبت به باز ستم می کنند و بی هیچ گناهی بال و پَر او را می کنند .
126,957) جُرمِ او اینست کو باز است و بس / غیر خوبی جُرمِ یوسف چیست پس ؟,تنها جُرمِ او اینست که بازِ شکاری است . مثلاََ حضرت یوسف (ع) بجز زیبایی چه گناهی دارد ؟
127,958) جغد را ویرانه باشد زاد و بود / هستشان بر باز ، زآن خشمِ جهود,زادگاه و زیستگاه جغد ، خرابه است . به همین سبب نسبت به بازِ شکاری سخت کینه و دشمنی می ورزند .
128,959) که چرا می یاد آری زآن دیار ؟ / یا ز قصر و ساعد آن شهریار ؟,چرا وطن و سرزمین خود را یاد می کنی ؟ و یا چرا کاخ و ساعد شاه را یاد می کنی ؟
129,960) در دِهِ جغدان فضولی می کنی ؟ / فتنه و تشویش در می افگنی ؟,ای بازِ گستاخ آیا در محلّۀ جغدان یاوه می گویی و فتنه و آشوب برمی انگیزی ؟
130,961) مَسکنِ ما را که شد رَشکِ اَثیر / تو خرابه خوانی و نامِ حقیر ؟,جایگاه و موطن ما را که باعث غبطه و حسادت فلک است چرا خرابه می خوانی و با حقارت از آن نام می بری ؟
131,962) شَید آوردی که تا جغدانِ ما / مر تو را سازند شاه و پیشوا,تو مکر و حیله می ورزی تا جغدان همنوع ما ، تو را امیر و سالار خود سازند .
132,963) وهم و سودایی در ایشان می تنی / نامِ این فردوس ، ویران می کنی ؟,در آنان توهّمات و خیالات بی اساس می انگیزی و نام این بهشت را خرابه می گذاری .
133,964) بر سَرَت چندان زَنیم ای بَد صفات / که بگویی ترکِ شَید و تُرَّهات,ای زشت خُو آنقدر بر سر و کلّه ات می کوبیم تا مکر و حیله و سخنان یاوه را ترک گویی . ( تُرَّهات = سخنان یاوه )
134,965) پیشِ مشرق چارمیخش می کنند / تن برهنه شاخِ خارش می زنند, در زیر تابش آفتاب به چهارمیخ می کشند و بر بدن لخت او تازیانۀ خارناک می زنند .
135,966) از تنش صد جای ، خون برمی جَهد / او اَحَد می گوید و سر می نهد,از صد جای بدنش خون فوّاره می زند . امّا او همچنان اَحَد اَحَد می گوید و به حکم حق گردن می نهد .
136,967) پندها دادم که پنهان دار دین / سِر بپوشان از جهودانِ لعین,من به او بسیار اندرز دادم که دین خود را پنهان کن و رازِ دل خود را از کافران ملعون پوشیده دار .
137,968) عاشق است ، او را قیامت آمده ست / تا درِ توبه بَرو بسته شده ست,ولی او (بلال) ، عاشق است . درِ توبه به روی او بسته شده است . دیگر قادر نیست از کشف اسرار ربوبی توبه کند .
138,969) عاشقیّ و توبه ، یا امکانِ صبر ؟ / این مُحالی باشد ای جان بس سطبر,آیا عشق و توبه ، یا عشق و صبر جور درمی آید ؟ مسلماََ جور درنمی آید . زیرا عزیز من ، این امری بسیار محال است .
139,970) توبه کِرم و ، عشق همچون اژدها / توبه وصفِ خلق و آن وصفِ خدا,توبه در مثل همچون کِرم است و عشق مانند اژدها . «توبه» صفتِ مخلوق است و «عشق» صفتِ خالق .
140,971) عشق ز اوصافِ خدایِ بی نیاز / عاشقی بر غیرِ او باشد مجاز,عشق از صفات خداوند بی نیاز است . عشق ورزیدن به جز خدا از نوع عشق مجازی است .
141,972) زآنکه آن ، حُسنِ زَراندود آمده ست / ظاهرش نور ، اندرون دود آمده ست,زیرا غیر حق ، همۀ حُسن و جمالش مانند فلزی است که روکش طلا داشته باشد عاریتی است . از اینرو ظاهر آن ، روشن و پر رونق است ولی درونش تیره و سیاه . 
142,973) چون رود نور و شود پیدا دُخان / بِفسُرَد عشقِ مجازی آن زمان,هر گاه نور جمال الهی از مخلوق گرفته شود تیرگی و زشتی آن نمایان می گردد . و آن وقت است که عشق مجازی فروکش می کند . 
143,974) وا رَوَد آن حُسن سویِ اصلِ خَود / جسم مانَد گَنده و رسوا و بَد,آن زیبایی به سوی اصل خود بازمی گردد و جسم ، متعفّن و رسوا و زشت باقی می ماند .
144,975) نورِ مَه راجع شود هم سویِ ماه / وا رَوَد عکسش ز دیوارِ سیاه,نورِ ماه نیز به سوی ماه بازمی گردد و پرتو آن از دیوار تاریک به اصل خود رجوع می کند .
145,976) پس بماند آب و گِل بی آن نگار / گردد آن دیوارِ بی مَه ، دیووار,پس آب و گِل یعنی جسم ، بدون محبوب می ماند . و آن دیوار بدون پرتوِ ماه ، همچون دیو ، زشت و خوفناک می گردد .
146,977) قلب را که زر ز رویِ او بِجَست / بازگشت آن زر ، به کانِ خود نشست,وقتی روکشِ طلا از روی طلای تقلّبی برداشته شود . این زرِ ناب به معدن خود بازمی گردد . یعنی در شمار طلاهای ناب و خالص قرار می گیرد و دیگر کسی نمی تواند بگوید که این طلا تقلّبی است .
147,978) پس مِسِ رسوا بمانَد دودوَش / زو سیه تر ، بمانَد عاشقش,مس نیز تیره و رسوا می شود و دوستدار آن از خودِ آن مس رسواتر می گردد .
148,979) عشقِ بینایان بُوَد بر کانِ زَر / لاجَرَم هر روز باشد بیشتر,امّا بینایان حقیقی بر معدن طلا عشق می ورزند . از اینرو ناگزیر عشق آنان روز به روز افزایش می یابد .
149,980) زآنکه کان را در زَری نَبوَد شریک / مَرحَبا ای کانِ زَر لاشکَّ فیک,زیرا معدن طلا در طلا بودن شریکی ندارد . یعنی از نظر قیمت و اعتبار بی مانند است . ای معدنِ طلا آفرین بر تو که شکّی در وجودت نیست .
150,981) هر که قلبی را کند انبازِ کان / وا رود زر تا به کانِ لامکان,هر کس طلای  تقلّبی را شریک معدن ، یعنی مانند طلای ناب بپندارد . دچار پشیمانی و تأسف شود زیرا طلایی که روی مس کشیده اند به معدن خود که در لامکان است بازمی گردد .
151,982) عاشق و معشوق مُرده ز اضطراب / مانده ماهی ، رفته زآن گِرداب آب,عاشق و معشوق بر اثر پریشانی خواهند مُرد . درست مانند ماهی که اگر گودال از آب خالی شود با رنج و پریشانی خواهد مُرد .
152,983) عشقِ رَبّانیست خورشیدِ کمال / امر ، نورِ اوست ، خلقان چون ظِلال,عشق الهی به منزلۀ خورشید کمال است . عالم امر ، نور خداست و مخلوقات همچون سایه ها هستند .
153,984) مصطفی زین قصّه چون خوش برشگُفت / رغبت افزون گشت او را هم به گفت,مصطفی از استماع ماجرای بلال بسیار شادمان شد و علاقه اش به نقل این ماجرا افزایش یافت و همۀ ماجرا را بازگو کرد .
154,985) مستمع چون یافت همچون مصطفی / هر سرِ مویش زبانی شد جدا,وقتی ابوبکر شنونده ای مانند مصطفی (ص) پیدا کرد هر تارِ موی او زبانی مستقل شد یعنی در بیان این ماجرا همۀ اجزای آن را تفصیلاََ بازگفت .
155,986) مصطفی گفتش که اکنون چاره چیست ؟ / گفت : این بنده مر او را مَشتری ست, به ابوبکر فرمود : اکنون چاره چیست ؟ ابوبکر گفت : این بنده قصد دارد که او را از صاحبش خریداری کند .
156,987) هر بها که گوید ، او را می خرم / در زیان و حَیفِ ظاهر ننگرم,هر قیمتی که صاحبِ بلال بگوید قبول می کنم و او را از صاحبش می خرم و به ضرر و زیان ظاهری این داد و ستد نگاه نمی کنم .
157,888) تن فِدایِ خار می کرد آن بِلال / خواجه اش می زد برایِ گوشمال,بِلالِ حبشی بدنِ خود را فدای تازیانۀ خاردار می کرد . و صاحبش برای گوشمالی و تنبیه ، او را می زد . 
158,889) که چرا تو یادِ احمد می کنی ؟ / بندۀ بَد مُنکرِ دینِ منی,و به بلال می گفت : چرا دائماََ از حضرت احمد (ص) یاد می کنی ؟ هم غلام ناسازگاری هستی و هم آیین مرا انکار می کنی .
159,890) می زد اندر آفتابش او به خار / او اَحَد می گفت بهرِ افتخار,صاحبش در حرارت آفتاب او را با تازیانه خاردار می زد و او پیوسته اَحَد اَحَد می گفت و بدان افتخار می کرد .
160,891) تا که صدّیق آن طرف برمی گذشت / آن اَحَد گفتن به گوشِ او برفت,تا اینکه روزی که ابوبکر صدّیق از آن طرف می گذشت صدای احد احد گفتن بلال را شنید .
161,892) چشمِ او پُر آب شد ، دل پُر عَنا / زآن اَحَد می یافت بویِ آشنا,چشمِ ابوبکر از اشک پُر شد و دلش یکپارچه درد گشت . زیرا از آن احد احد بوی آشنایی استشمام می کرد .
162,893) بعد از آن خلوت بدیدش ، پند داد / کز جهودان خُفیه می دار اعتقاد,ابوبکر بعد از آن واقعه بلال را تنها دید و بدو نصیحت کرد که ایمانت را از منکران پوشیده دار .
163,894) عالِمُ السّرّ است ، پنهان دار کام / گفت : گفت : کردم توبه پیشت ای هُمام,زیرا خداوند به اسرار درون آگاه است . پس مرام و مقصود خود را از اغیار پنهان کن . یعنی تقیّه کن . بلال گفت : ای بزرگمرد اینک نزد تو توبه کردم .
164,895) روزِ دیگر از پگَه صدّیق تفت / آن طرف از بهرِ کاری می برفت,بامدادِ روز دیگر صدّیق (ابوبکر) برای انجام کاری از آن طرف شتابان می گذشت . یعنی از نزدیکی مقرِّ بلال می گذشت .
165,896) باز اَحَد بشنید و ضربِ زخمِ خار / بر فروزید از دلش سوز و شَرار,باز صدای احد احد و صفیرِ تازیانه را شنید . آتش و شراره ای از کانون قلبش زبانه کشید .
166,897) باز پندش داد ، باز او توبه کرد / عشق آمد ، توبۀ او را بخَورد,دوباره ابوبکر به بلال نصیحت کرد که ایمانت به محمّد (ص) را مخفی بدار و بلال مجدّداََ توبه کرد . یعنی قول داد که در نزدِ کافران اظهار ایمان نکند . امّا موج عشق دوباره بر قلبِ او تاختن آورد و توبه اش را به کام خود درکشید .
167,898) توبه کردن زین نَمَط بسیار شد / عاقبت از توبه او بیزار شد,بدینسان بلال توبه های فراوان می کرد ولی کمی بعد همۀ آنها را می شکست تا جایی که از توبه متنفّر شد .
168,899) فاش کرد ، اسپُرد تن را در بلا / کِای محمّد ، ای عدوِّ توبه ها,بالاخره بلال در کمال صراحت گفت : من بر آیین اسلام هستم و جسم و جان خود را تسلیم بلا و انتقام حق ستیزان کرد و گفت : ای محمّد ، ای کسی که دشمن توبه ها هستی .
169,900) ای تنِ من و ای رگِ من پُر ز تو / توبه را گُنجا کجا باشد در او ؟,ای محمّد ، ای کسی که تمام اجزای وجود من از عشق تو آکنده است . تو بگو آخر چگونه ممکن است توبه در جسم و جانم بگنجد ؟
170,901) توبه را زین پس ز دل بیرون کنم / از حیاتِ خُلد توبه چون کنم ؟,بعد از این توبه را از دلم بیرون می کنم . آخر چطور ممکن است که از زندگی جاودان توبه کنم ؟
171,902) عشق ، قهّارست و من مقهورِ عشق / چون شِکر شیرین شدم از شورِ عشق,عشق ، قهّار است و من مغلوب عشقم . از شور و شوق عشق مانند شِکر شیرین شده ام .
172,903) برگِ کاهم پیشِ تو ای تندباد / من چه دانم که کجا خواهم فتاد ؟,ای طوفان ، در برابرِ تو همچون پَرِ کاهی ناچیز هستم . من چه می دانم که سرانجام کجا خواهم افتاد ؟
173,904) گر هِلالم ، گر بِلالم ، می دوم / مُقتَدیِّ آفتابت می شوم,چه مانند هِلالِ ماه ، لاغر و نزار باشم و چه بِلال باشم در هر دو صورت تاج خورشید وجود تو هستم . 
174,905) ماه را با زَفتی و زاری چه کار / در پی خورشید پوید سایه وار,ماه با ستیری و لاغری کاری ندارد . بلکه کارِ ماه اینست که سایه وار به دنبال خورشید حرکت کند . 
175,906) با قضا هر کو قراری می دهد / ریشخندِ سَبلَتِ خود می کنَد,هر کس با وجود قضای الهی روی اراده و اختیار خود تکیه کند . مسلماََ خود را مسخره کرده است .
176,907) کاه برگی پیشِ باد ، آنگه قرار ؟ / رستخیزی ، و آنگهانی عزمِ کار ؟,برگِ کاهی چگونه ممکن است که در برابر باد قرار گیرد و ثابت و بی حرکت بماند ؟ و چگونه ممکن است قیامت بر پا شود و آنگاه کسی قصد انجام عمل کند ؟
177,908) گُربه در انبانم اندر دستِ عشق / یک دمی بالا و یک دم پستِ عشق,من در دستِ تصرّفاتِ عشق محمّد (ص) مانند گربه ای هستم که درون کیسه ای انداخته اند . گاهی به سرِ کیسه می افتم و گاه به تهِ کیسه .
178,909) او همی گرداندم در گِردِ سَر / نه به زیر آرام دارم ، نه زَبَر, مرا دُورِ سرش می چرخاند یعنی همانطور که شخصی گربه ای را در کیسه می اندازد و آن کیسه را با تمام قدرت دور سرش می چرخاند آرام نمی گیرد .
179,910) عاشقان در سیلِ تند افتاده اند / بر قضایِ عشق ، دل بنهاده اند,عشّاق در سیلابِ خروشان عشق افتاده اند و دل به حکم و مقتضای عشق سپرده اند . یعنی عشّاق از خود بُریده اند و تسلیم عشق شده اند .
180,911) همچو سنگِ آسیا اندر مَدار / روز و شب گردان و  نالان بی قرار,عشُاق مانند سنگ آسیا روز و شب در گردش و ناله و بی قراری اند .
181,912) گردِشَش بر جُوی جُویان شاهد است / تا نگوید کس که آن جُو راکد است,گردش سنگِ آسیا بر جویندگانِ جُوی گواه است . تا کسی نگوید که آن جُوی ، ساکن و بی حرکت است .
182,913) گر نمی بینی تو جُو را در کمین / گردشِ دولابِ گردونی ببین, اگر تو جویِ سیّال و مخفیِ عشق را نمی بینی . لااقل به گردشِ سنگ چرخانِ آسیا نگاه کن .
183,914) چون قراری نیست گَردون را از او / ای دل ، اختروار ، آرامی مجو,چون فلک بواسطۀ عشق ، صبر و قراری ندارد . دلا تو نیز مانند ستارگان افلاک باش و خواهان سکون و آرامش مباش 
184,915) گر زنی در شاخ دستی ، کی هِلَد ؟ / هر کجا پیوند سازی ، بِسکُلَد,اگر برای ثبات و سکون خود شاخه ای را بگیری تقدیر عشق الهی تو را چگونه رها می کند ؟
185,916) گر نمی بینی تو تدویرِ قَدَر / در عناصِر جوشش و گردش نگر,اگر تو نمی توانی این کار را ببینی که تقدیر عشق الهی همه چیز را به گردش و دَوَران درمی آورد . به حرکت و جنبش عناصر طبیعی نگاه کن . 
186,917) زآنکه گردشهای آن خاشاک و کف / باشد از غَلیانِ بحرِ با شرف, زیرا حرکات خاشاک و کفِ دریا از جوش و خروش دریای با شرف حاصل شده است . 
187,918) بادِ سرگردان ببین اندر خروش / پیشِ اَمرش موجِ دریا بین به جوش,بادِ سرگردان را نگاه کن که در حال توفیدن است و دریا را ببین که به فرمان او امواج خروشان پدید می آورد .
188,919) آفتاب و ماه ، دو گاوِ خَرآس / گِرد می گردند و می دارند پاس,آفتاب و ماه مانند دو گاوی هستند که آسیا را می گردانند . یعنی آن دو به دورِ خود می گردند و حفاظت می کنند .
189,920) اختران هم خانه خانه می دوند / مَرکبِ هر سعد و نحسی می شوند, ستارگان نیز منزل به منزل در حرکت اند و حاملِ نیکبختی و نُحوست می شوند
190,921) اخترانِ چرخ گر دُور اند هَی / وین حواست کاهل اند و سُست پَی,هان ای تنسان اگر ستارگانِ فلک از تو دورند و حواس تو نیز ضعیف و ناتوان است . 
191,922) اخترانِ چشم و گوش و هوشِ ما / شب کجااند و به بیداری کجا ؟,به چشم و گوش و عقل ما که همچون ستارگانِ آسمان اند بنگر که در شب به چه کاری مشغول اند و در بیداری کجا هستند ؟
192,923) گاه در سعد و وصال و دلخوشی / گاه در نحس و فراق و بیهُشی, ستارگان چشم و گوش و عقل ما گاهی حالت سعادت و وصال و شادمانی دارند . و گاهی حالت نحسی و فراق لاشعوری .
193,924) ماهِ گردون چون درین گردیدن است / گاه تاریک و ، زمانی روشن است,چون ماهِ آسمان نیز در گردش است . گاه تاریک می شود و گاه روشن . یعنی ماه نیز همچون حواس ما حالاتی مختلف دارد .
194,925) گه بهار و صیفِ همچون شهد و شیر / گه سیاستگاهِ برف و زَمهَریر,گاهی بهار و تابستانِ فرحبخش از راه می رسد و گاهی کیفرگاه و سرمای شدید زمستان خود را نشان می دهد .
195,926) چونکه کلّیّات پیشِ او چو گَوست / سُخره و سجده کنِ چوگانِ اوست,از آنرو که همۀ موجودات در برابر چوگانِ مشیّت الهی مانند گُویِ غلطان ، تسلیم و مطیع هستند .
196,927) تو که یک جزوی دلا زین صد هزار / چون نباشی پیشِ حُکمش بی قرار ؟, ای دل تو که جزیی از آن صد هزار موجود بشمار می آیی چرا در برابر فرمان او بی تاب و بی قرار نیستی ؟
197,928) چون ستوری باش در حکمِ امیر / گه در آخُر حبس ، گاهی در مسیر,نسبت به حکم حضرت حق ، مانندِ مرکوبی باش که تحتِ فرمانِ صاحب و فرمانروایی خود است که گاهی او را در آخور می اندازد و حبس می کند و گاهی او را به سیر و گردش می برد . 
198,929) چونکه بر میخت ببندد ، بسته باش / چونکه بگشاید ، برو ، برجسته باش, هر گاه به مشیّت خود تو را بر میخِ قضا بست و تو دچار قبض شدی . بسته باش و تقلّا مکن که خود را رها کنی . و هر گاه تو را باز کرد و رها نمود چالاک باش . 
199,930) آفتاب اندر فلک کژ می جهد / در سیه رویی خُسوفش می دهد, هر گاه آفتاب در فلک از مسیر معینِ خود کج رود و منحرف شود . با کسوف رویش را تیره و منکدر می کند .
200,931) کز ذَنَب پرهیز کن ، هین هوش دار / تا نگردی تو سیه رُو دیگ وار,ای خورشید از نزدیک شدن به نقطۀ ذَنَب پرهیز کن تا مانندِ دیگ رویت سیاه نشود . 
201,932) ابر را هم تازیانۀ آتشین / می زنندش کآنچنان رو ، نه چنین, به ابر نیز تازیانه های آتشین می زنند که چنان حرکت کن و چنین حرکت مکن
202,933) بر فلان وادی ببار ، این سو مبار / گوشمالش می دهد که گوش دار,ابر را گوشمالی می دهند که باید به امر و نهی ما توجّه کنی . برو بر فلان بیابان ببار . این طرف مبار .
203,934) عقلِ تو از آفتابی بیش نیست / اندر آن فکری که نهی آمد ، مایست,عقل تو عظیم تر از آفتاب نیست . لذا در هر اندیشه ای که خداوند تو را از آن نهی کرده درنگ مکن و در آن اصرار مورز .
204,935) کژ مَنه ای عقل تو هم گامِ خویش / تا نیاید آن خُسوفِ رُو به پیش,ای عقل ، تو نیز در راه انحراف قدم مگذار تا روسیاهی برایت پیش نیاید .
205,936) چون گُنه کمتر بُوَد ، نیم آفتاب / مُنخَسِف بینی و نیمی نورتاب,وقتی گناه سبک تر باشد . نیمه ای از خورشید را تاریک می بینی و نیمه ای را روشن .
206,937) که به قدرِ جُرم می گیرم تو را / این بُوَد تقدیر در داد و جزا, پس ای انسان با توجه به تمثیل کسوفِ خورشید به اندازۀ وزنِ گناهت تو را کیفر می دهم . اینست بیان الهی در بارۀ اجرای عدل و عقاب .
207,938) خواه نیک و ، خواه بَد ، فاش و سَتیر / بر همه اشیا ، سمیعیم و بصیر,اعمالت چه خوب باشد و چه بد . آشکار باشد یا پنهان . ما بر همه چیز شنوا و بیناییم .
208,939) زین گذر کن ای پدر ، نوروز شد / خلق از خلّاق ، خوش پَدفوز شد,پدر جان از قیل و قال و سخنان کهنه و تقلیدی بگذر که نوروز فرا رسیده است . و خلایق از آفریدگار جهان ، شیرین کام شده اند .
209,940) باز آمد آبِ جان در جویِ ما / باز آمد شاهِ ما در کویِ ما,دوباره آبِ حیات جذباتِ الهی در جویبار وجود ما جاری شد . و درباره شاه ما که شاه حقیقت است به کوی ما باز آمد .
210,941) می خرامد بخت و دامن می کشد / نوبتِ توبه شکستن می زند,بخت و اقبال معنوی خرامان و دامن کشان می آید و وقت توبه شکستن را اعلام می کند . 
211,942) توبه را بارِ دگر سیلاب بُرد / فرصت آمد ، پاسبان را خواب بُرد, یک بار دیگر سیلاب عشق تاختن آورد و بساط توبه را از دلم برکند و با خود بُرد . موقعیّتی فراهم شد که خواب بر نگهبان غلبه کند . 
212,943) هر خُماری مست گشت و باده خَورد / رخت را امشب گرو خواهیم کرد,هر آدم خماری بار دیگر شراب خورد و مست شد . ما نیز امشب جامه و اثاثمان را گرو خواهیم گذاشت .
213,944) زآن شرابِ لعلِ جانِ جان فزا / لعل ، اندر لعل ، اندر لعلِ ما,از نوشیدن آن شرابِ سرخ معنوی که روح و جان را تقویت می کند ما به لعلِ در لعلِ در لعل تبدیل شدیم . یعنی به کمال ذوق و کشف رسیدیم .
214,945) باز خرّم گشت مجلس ، دلفروز / خیز ، دفعِ چشمِ بَد ، اسپند سوز, دوباره محفلِ روحانی ما رونق یافت . بلند شو برای رفعِ چشم زخم اسفند دود کن . 
215,946) نعرۀ مستان ، خوش می آیدم / تا ابد جانا چنین می بایدم,بانگ و فریاد مستانِ بادۀ الهی برایم دلنشین می آید . ای جان ، یعنی الهی که این مستان تا ابد با حال وجد اینگونه فریاد برآورند .
216,947) نک هِلالی با بِلالی یار شد / زخمِ خار او را گُل و گُلنار شد,هر چند جسم بلال همچون هلالِ ماه ، باریک و زرد شده است . ولی ضرباتِ تازیانه در نظرش همچون گُل و گُلزار ، لطیف و دلنشین جلوه کرده است 
217,948) گر ز زخمِ خار ، تن غربال شد / جان و جسمم گُلشنِ اقبال شد,گر چه بدنم بر اثر ضربات تازیانه ، همچون غربال سوراخ سوراخ شده است . ولی جسم و جانم به گلستان بخت و اقبال معنوی مبدّل شده است .
218,949) تن به پیشِ زخَمِ خارِ آن جهود / جانِ من مست و خرابِ آن وَدود,بدنم زیر ضربات تازیانه آن کافر قرار گرفته است . ولی جانم مست و خراب آن خدای مهربان است . 
219,950) بوی جانی سویِ جانم می رسد / بویِ یارِ مهربانم می رسد,بوی جانی به جانِ من می رسد . یعنی رایحۀ دلنواز حضرت معشوق را با مشام دل می شنوم . بوی محبوب مهربانم را استشمام می کنم .
220,951) از سویِ معراج آمد مصطفی / بر بِلالش حَبّذا لی حَیّذا,چون حضرت محمّد مصطفی (ص) از معراج بازگشت به بلال فرمود : خوشا بر تو ، خوشا بر تو .
221,952) چونکه صدّیق از بِلالِ دَم دُرُست / این شنید ، از توبۀ او دست شُست, چون ایوبکر صدّیق از بلالِ راستگو و خوش نَفَس این سخنان را شنید . از توبه دادن او منصرف شد .
222,3116) کودکی در پیشِ تابوت پدر / زار می نالید و برمی کوفت سر,کودکی پیشاپیش تابوت پدر خود  ، زار زار می گرید و بر سر و روی خود می زند .
223,3117) کِای پدر آخر کجاات می برند ؟ / تا تو را در زیرِ خاکی بفشُرند, آن کودک با گریه می گفت : آخر ای پدر تو را دارند به کجا می برند ؟ می برند که تو را به خاک بسپرند .
224,3118) می بَرندت خانۀ تنگِ و زَحیر / نَی در او قالی و ، نَه در وی حصیر, تو را به خانه ای تنگ و دردناک می برند که در آن خانه نه فرشی هست و نه حصیری
225,3119) نَی چراغی در شب و نَه روز ، نان / نَی در او بویِ طعام و ، نَه نشان, در شب نه چراغی دارد و در روز نه نانی ، نه از آنجا بوی غذا می آید و نه نشانی از آن
226,3120) نَی درِ معمور ، نَی در بام راه / نَی یکی همسایه کو باشد پناه, آن خانه نه در و درگاه آباد دارد و نه راهی به سطحِ زمین . و نه همسایه ای هست که یاور و پشتیبان تو باشد .
227,3121) جسمِ تو که بوسه گاهِ خلق بود / چون رود در خانۀ کور و کبود ؟,جسمِ تو که زمانی از طرفِ مردم ، بوسه باران می شد . اکنون چگونه در گورِ تنگ و تاریک فرو می رود ؟ 
228,3122) خانۀ بی زینهار و جای تنگ / که در او نَه روی می ماند نَه رنگ,گور ، خانه ای است فاقدِ امان و پناه و جایی است تنگ که در آن ، نه چهره ای می ماند و نه آب و رنگی .
229,3123) زین نَسَق اوصافِ خانه می شمرد / وز دو دیده ، اشکِ خونین می فشرد,خصوصیات گور را می شمرد . و از دو چشمش ، اشکِ حسرت سرازیر می کرد .
230,3124) گفت جوحی با پدر : ای ارجمند / والله این را خانۀ ما می بَرند,جوحی خطاب به پدر گفت : پدرِ عزیزم ، معلوم می شود که این تابوت را به خانۀ ما می برند 
231,3125) گفت جوحی را پدر : ابله مشو / گفت : ای بابا ، نشانی ها شنو,پدرِ جوحی به او گفت : اینقدر احمق نباش . جوحی گفت : ای پدر ، به نشانی هایی که می دهد خوب گوش کن .
232,3126) این نشانی ها که گفت او یک به یک / خانۀ ما راست ، بی تردید و شک,این نشانه هایی که این بچه می دهد ، بی هیچ شک و تردیدی دقیقاََ نشانه های خانۀ ماست .
233,3127) نَی حصیر و ، نَه چراغ و ، نَه طعام / نه درش معمور و ، نه صحن و ، نه بام,خانۀ ما هم همینطور است که او می گوید . یعنی نه حصیری دارد و نه چراغی و نه غذایی ، نه درش آباد است و نه حیاط و بام دارد .
234,3128) زین نَمَط دارند بر خود صد نشان / لیک کی بینند آن را طاغیان ؟,بدین سان آدم های سرکش و طاغی ، صد نشانه از این قبیل را با خود دارند . ولی آنها چگونه ممکن است این نشانه ها را مشاهده کنند ؟
235,3129) خانۀ آن دل که مانَد بی ضیا / از شعاعِ آفتابِ کبریا,خانۀ دلی که از پرتوِ آفتابِ حضرت حق تعالی نوری نگیرد .
236,3130) تنگ و تاریک است چون جانِ جُهود / بی نوا از ذوقِ سلطانِ وَدود,چنین قلبی مانند روح و روانِ حق ستیزان ، تنگ و تاریک است و از نفحات و ذوقِ پادشاه مهربان عالم وجود بی بهره است . 
237,3131) نَی در آن دل ، تافت تابِ آفتاب / نَی گشادِ عرصه و ، نه فتحِ باب,در آن قلب نه انوار آفتاب می تابد و نه برای آن عرصه ای وجود دارد و نه دری به روی آن گشوده می شود .
238,3132) گور ، خوشتر از چنین دل ، مَر تو را / آخِر از گورِ دلِ خود ، برتر آ,گور برای تو بهتر از قلبِ تیره و تار و فاقد معرفت است . آخر گامی از گورِ قلبت فراتر بگذار .
239,3133) زنده یی و زنده زاد ای شوخ و شَنگ / دَم نمی گیرد تو را این گورِ تنگ ؟,تو زنده ای و از موجودی زنده متولّد شده ای . ای شوخ و شیرین رفتار آیا نفس تو از این گور تنگ و تاریک بند نمی آید ؟
240,3134) یوسفِ وقتیّ و ، خورشیدِ سَما / زین چَه و زندان برآ و ، رُو نما,تو یوسفِ زمانی و خورشیدِ آسمان ، از این چاه و زندان بیرون بیا و خود را نشان بده .
241,3135) یونس ات در بطنِ ماهی پخته شد / مَخلَصش را نیست از تسبیح ، بُد,یونسِ تو ( روحِ تو ) در شکمِ ماهی ( کالبد جسمانی ) به هلاکت رسید . برای رهایی از تباهی و هلاکت ، چاره ای ندارد جز پرداختن به تسبیح الهی .
242,3136) گر نبودی او مُسَبَّح ، بطنِ نُون / حَبس و زندانش بُدی تا یُبعَثون,اگر حضرت یونس (ع) در شکمِ ماهی نیایش حق را نمی گفت . تا روزِ رستاخیز در شکمِ او زندانی می شد .
243,3137) او به تسبیح از تنِ ماهی بِجَست / چیست تسبیح ؟ آیتِ روزِ اَلَست,حضرت یونس (ع) بواسطۀ نیایش حق از شکمِ ماهی بیرون آمد . نیایش حق چیست ؟ مسلماََ نشانه ای از روزِ اَلَست .
244,3138) گر فراموشت شد آن تسبیحِ جان / بشنو این تسبیح هایِ ماهیان,اگر نیایش روح را فراموش کرده ای ، پس نیایش ماهی ها را گوش کن .
245,3139) هر که دید الله را ، اَلّلهی است / هر که دید آن بحر را ، آن ماهی است,هر کس که خدا را مشاهده کند . او فردی الهی است و هر کس که دریا را ببیند ، او ماهی است . 
246,3140) این جهان دریاست و تن ، ماهیّ و روح / یونسِ محجوب از نورِ صَبوح,این دنیا در مَثَل مانند دریا و جسم مانند ماهی و روح مانند یونس است که از نورِ سپیده دَم محروم و محتجب است .
247,3141) گر مُسَبَّح باشد از ماهی ، رهید / ور نَه در وَی هضم گشت و ناپدید,اگر یونسِ روح به نیایش و ستایش حق بپردازد از ماهی جسم به سلامت می رهد . در غیر اینصورت در درونِ این جسم ، تباه و هلاک می گردد .
248,3142) ماهیانِ جان ، در این دریا پُرند / تو نمی بینی به گِردت می پَرند ؟,ماهیانِ روح یعنی عارفان در دریای این جهان فراوان اند . آیا نمی بینی که پیرامونِ تو به پرواز درآمده اند ؟
249,3143) بر تو خود را می زنند آن ماهیان / چشم بگشا ، تا ببینی شان عیان,آن ماهیان ، خود را به تو می زنند . دیدگانت را باز کُن تا آنها را آشکارا مشاهده کنی .
250,3044) ماهیان را گر نمی بینی پدید / گوشِ تو تسبیحشان آخر شنید,اگر تو این ماهیان را اشکارا نمی بینی . گوشهایت که نیایش آنها را می شنود .
251,3045) صبر کردن ، جانِ تسبیحاتِ توست / صبر کن ، کآنست تسبیحِ دُرُست,شکیبایی کردن تو ، روح و جوهرِ نیایش های توست . شکیبا باش که شکیبایی ، نیایش راست و صحیحی است .
252,3046) هیچ تسبیحی ندارد آن دَرَج / صبر کن ، اَلصَّبر مِفتاحُ الفَرَج,هیچ تسبیح و نیایشی مقام صبر را ندارد . تو صبر کن که صبر ، کلیدِ رستگاری است .
253,3047) صبر چون پولِ صِراط آن سو ، بهشت / هست با هر خوب ، یک لالایِ زشت,صبر همانند پلِ صراط است و بهشت آن سوی پل قرار دارد . زیرا با هر زیبا رویی ، یک لَلۀ زشت همراه است .
254,3048) تا ز لالا می گریزی ، وصل نیست / ز آنکه لالا را ز شاهد ، فصل نیست,تا وقتی که از لَله فرار می کنی نمی توانی به وصال برسی . زیرا لله از زیبارو جدا نمی شود
255,3049) تو چه دانی ذوقِ صبر ، ای شیشه دل ؟ / خاصه صبر از بهرِ آن صبرِ چِگِل,ای نازک دل ، تو چه می دانی که صب چه مزه ای دارد ؟ به ویژه صبر بر آن زیباروی حقیقیِ جهان باشد .
256,3050) مرد را ذوقِ غزا و کرّ و فَر / مر مُخَنَث را بُوَد ذوق از ذَکر,مرد دلاور از جنگ و تاخت و تاز لذت می برد و شخصِ مردنَما از آلتِ تناسلی مردان .
257,3051) جز ذَکر نه دینِ او و ، ذِکرِ او / سویِ اَسفل بُرد او را فکرِ او,این مردنَما ، دین و آیینی ندارد جز آلتِ تناسلی ، اندیشۀ پَستِ او ، او را به مراتبِ پست فرود می آورد .
258,3052) گر برآید تا فلک ، از وَی مَترس / کو به عشقِ سُفل آموزید درس,اگر این مردنمای فرومایه در مَثَل به افلاک سربکشد . باز هم نباید از او بترسی . زیرا او از عشق های پست درس آموخته است .
259,3053) او به سویِ سُفل می رانَد فَرَس / گر چه سویِ عُلو جُنباند جَرَس,این نامرد هر چند صدای ادعاهای یاوه اش در همه جا بلند شده ، ولی در واقع به سوی پستی ها می تازد .
260,3054) از عَلَم های گدایان ترس چیست ؟ / کآن عَلَم ها لقمۀ نان را رهی است,از پرچم های افراختۀ گدایان چرا باید ترسید ؟ یعنی آن پرچم ها ترسی ندارد . زیرا پرچم ها وسیله ای برای نان خوردن و گدایی کردن است .
261,نیست اقلیم سخن را بهتر از من پادشاه  /درجهان ملک سخن راندن مسلم شد مرا,برای سرزمین سخن ، حکمران و پادشاهی بهتر از من وجود ندارد و من سرامد شاعران هستم و در جهان  پادشاهی سخن گفتن و شعر گفتن فقط بنام من ثبت شده است و دیگران از زیردستان من هستند
262,مریم بکر معنی را منم روح القدس   /  عالم ذکر معالی را منم فرمان روا,همانطورکه  جبرئیل ،حضرت مریم را که دست نخورده بود بارور نمود من نیز می توانم معانی نو ودست نخورده را در عالم علم بارور کنم و اگر بتوان برای یادکرد شرافت ها و بزرگی ، دنیائی تجسم نمود من بر این دنیا فرمانروائی میکنم  
263,شه طغان عقل را نائب منم نعم الوکیل/ نو عروس فضل را صاحب منم نعم الفتی,من بهترین کارگزار و نماینده ، برای پادشاه عقل هستم و من بهترین صاحب و داماد برای نو عروس علم و دانش هستم
264,درع حکمت پوشم و بی ترس گویم کالقتال/خوان فکرت سازم و بی بخل گویم کالصلا,من زره علم و دانش می پوشم و در میدان علم و ادب بدون هیچ ترس و وحشتی مبارز می طلبم. من سفره اندیشه خود را می گسترانم و بدون هیچ گونه خساست و لئیمی ،دیگران را دعوت به استفاده از آن می نمایم
265,نکته دوشیزه من حرز روحست از صفت/خاطر آبستن من نور عقل است از صفا,نکته ها و مطالب فکر من حکم دعائی برای آرامش روح دارند و روح را تسلی می بخشند و فکر بارور من به خاطر پاکی و زلالی ،حکم نوری دارد که رهنمای عقل است و عقل را هدایت میکند
266,رشک نظم من خورد حسان ثابت را جگر/ دست نثر من زند سحبان وائل را قفا,حسان ثابت که خود یکی از شاعران معروف عرب است به اشعار من حسادت می ورزد و نثر من آنقدر بالاتر از نثر سحبان وائل که خود یکی از خطبای عرب میباشد که پس گردنی به نثر او می زند
267,عقد نظامان سحر از من ستاند واسطه/قلب ضرابان شعر از من پذیرد کیمیا,شعر من به خاطر مفهوم و معنی مانند رشته پیوند شعر شاعرانی است که آنها را جادوگران شعر می نامند و شعر تقلبی  دیگران از شعر من کیمیا می پذیرد  و مشهور می شوند و ارزش پیدا میکنند
268,هرکجا نعلی بیندازد براق طبع من   / آسمان زو تیغ بران سازد از بهر قضا, طبع و سرشت من مانند اسبی است که از هر کجا عبور کند  جای پای او در زمین نقش می افتد  و اشعار من مانند جای پای اسب در همه مکانها دیده می شود . و آسمان از شعر من برای قضا و قدر شمشیری می سازد تا با آن به دیگران حمله کند
269,پیشکار حرص را بر من نبینی دست رس /  تا شهنشاه قناعت شد مرا فرمانروا, حرص و طمع در نظر من بی ارزش است و نمی تواند بر من تسط داشته باشد زیرا در نظر من قناعت بسیار ارزشمند تر است و من انسان قانعی هستم
270,من زمین چون سایه و آیات من گرد زمین  /   آفتاب آسا رود منزل به منزل جابجا, من مانند سایه زمین گیر هستم و در شروان مانده ام ، اما اشعار و نشانه های در اطراف زمین مانند خورشید سیر میکند و با عین اینکه من تاکنون مسافرت نکرده ام اما اشعار من در تمان جهان مشهور است
271,این از آن پرسان  که آخر نام این فرزانه کیست /وآن بدین گویان که گوئی جای این ساحر کجا, ساحر خود خاقانی است که مانند ساحر است و که شاعران جادوگر اند
272,ترش و شیرین است قدح و مدح من با اهل عصر/ از عنب می پخته سازند وز حصرم توتیا, نکوهش و سرزنش من با مردمان روزگار ترش است و ستایش و تمجید من از مردمان روزگار شیرین ، همانطور که از انگور شراب پخته درست می کنند واز غوره و انگوره نارس داروی چشم درد درست میکنند
273,هم عمارت ، هم زبان دارم کلید گنج عرش /وین دو دعوی را دلیلست از حدیث مصطفی, من درمیان شاعران دارای عمارت هستم و زبان من مانند کلیدی است برای گنجهای خداوند که در زیر عرش پنهان شده است و زبان ما شاعران می تواند اسرار خداوند را بیان کند و تنها دلیل برای ادعای من حدیث نبوی است
274,من قرین گنج و اینها خاک بیزان هوس   / من چراغ عقل و اینها روز کوران هوا, من گنجینه شعر را تصاحب کرده ام ودر شاعری به کمال رسیده ام اما دیگر شاعران از روی هوا و هوس و بیهوده به خود زخمت میدهند و شعر می سرایند  مانند کسانی که بیهوده و برای سرگرمی خاک را الک میکنند. من مانند چراغی برای راهنمائی و هدایت عقل هستم در حالی دیگر شاعران فاقد بصیرت هستند و به خاطر هوا و هوس کور هستند
275,دشمنند این ذهن و فطنت را حریفان حسد /منکرند این سحر و معجز را رفیقان ریا, رفیقان حسود دشمن فکر و هوشیاری من هستند و تحمل افکار مرا ندارندو رفیقان ریاکار نیز اشعار مرا که مانند سحر و جادو است را قبول ندارند
276,حسن یوسف را حسد بردند مشتی ناسپاس   / قول احمد را خطا گفتند جوقی ناسزا, همانطور که یک عده انسان بی ارزش چون برادارن حضرت یوسف به زیبائی او حسادت کردند شاعران بی ارزش و ناسپاس نیز بر حسادت می ورزند و باعث درد و رنج من می شوند و همانطور که عده ای انسان نا لایق گفتار حضرت محمد و قرآن کریم را گفتاری اشتباه تلقی کردند ،شاعران ورقیبان من نیز سخنان مرا بی ارزش می دانند
277,من همی در هند معنی راست همچون آدم/ وین خران درچین صورت کوژ چون مردم گیاه, من در آوردن معنی و حقیقت مطلب مانند هندوستان که نماد عالم معنی است آنقدر تبحر دارم که به عنوان نماد معنی لقب گرفته ام و مثل  آدم وجودی حقیقی دارم و مانند درخت مردم گیاه فقط به ظاهر ؛آدم هستند وموجودی غیر واقعی بیش نیستند
278,من عزیزم مصر حرمت را و این نامحرمان /غر زنان برزند و غرچکان روستا, من حکم  عزیز مصر دارم در شهر احترام  اما این شاعران منافق و نا محرم چیزی جز نابکاران و فاسدان و نامردان یک روستای بی ارزش بیش  نیستند
279,گر مرا دشمن شدند این قوم معزورند از آنک /من سهیلم کامدم بر موت اولاد الزنا, اگر شاعران و رقیبان ،دشمن من هستند برای دشمنی خود بهانه ای صحیح  دارند زیرا من در برابر آنها مثل ستاره سهیل هستم که اگر بر کرم شب تاب بتابم آن را نابود میکنم 
280,جرعه خوار ساغر فکر منند از تشنگی /   ریزه چین سفره راز منند از ناشتا  , این شاعران که به تعمیم خود ، خودشان را شاعر نامیده اندآنها مانند تشنه ای هستند که از پیاله شعر من اندکی می نوشند و مانند گرسنه ای از سفره شعر من اندکی استفاده میکنند
281,خویشتن هم نام خاقانی شمارند از سخن  /   بارگین را ابر نیسانی شناسند از سخا, این شاعران نام خاقانی را با نام خاقانی در یک ردیف ودر کنار یکدیگر می بینند در حالیکه این شاعران  مثل مرداب و گندابی بد بو و بی ارزش هستند  و من خاقانی چون ابر بهاری بسیار بخشنده هستم
282,نی همه یک رنگ دارد در نیستانها ولیک  / از یکی نی قند خیزد وز دگر نی بوریا, نی در نیزار همه دارای یک رنگ و یک شکل است اما با یکی می توان شکر درست کرد و بایکی هم حصیر ساخته می شود 
283,دانم از اهل سخن هر که این فصاحت بشنود   /   در میان منکر افتد خاطرش یعنی خطا, من می دانم کسانی که سخن شناس هستند اگر فصاحت کلام مرا بشنوند فکر و خاطر آنها ، کلام مرا انکار می کند ودر زشتی و ناروائی فرو می رود و دچار خطا می شود
284,گوید این خاقانی دریا مثابت خود منم  /  خانمش خاقانی اما از میان افتاده قا, شاعران خود را  خاقانی مثل دریا می دانند . من آنها را خاقانی می نامم اما آنها خاقانی بدون قا هستند و مثل یک چشمه بیش نیستند و به  دریا مشابهتی ندارند
285,با اینکه سخن به لطف آب است / کم گفتن هر سخن صواب است,  با اینکه سخن گفتن مانند آب پاک است و پرفایده، اما کم حرف زدن بهتر است.
286, آب ارچه همه زلال خیزد / از خوردن پر، ملال خیزد,  اگرچه آب پاکیزه و زلال است و منافع بسیاری دارد اما اگر در خوردن آن زیاده روی کنیم، باعث ناراحتی جسم ما می شود.
287, کم گوی و گزیده گوی چون در / تا زاندک تو جهان شود پر,   کم سخن بگو اما همین کم را هم سخنان خوب بگو. سخنانی ناب همچون دُر و گوهر. تا اینکه تمام جهان را سخنان ارزشمند تو فرا بگیرد.
288, لاف از سخن چو در توان زد /آن خشت بود که پر توان زد,   به سخن کوتاهی که همچون در باارزش است، می توان افتخار کرد اما سخن بسیار همچون خشت زدن است که ارزشی ندارد.
289, یک دسته گل دماغ پرور / از خرمن صد گیاه، بهتر,   یک دسته گل خوش عطر و بو، بهتر از صد گیاهی است که روی هم انباشته شده اند.
290, کی ذره ها پیدا شود/ بی شعشعه ی شمس الضحی,   تابش نورخورشید و انعکاس آن از ذره ها دیدن ذرات را ممکن میسازد توانایی بشری هم بی تابش نور الهی (بهره بردن از کائنات )ظاهر نمی گردد.
291, بی عصمت تو کی رود/ شیطان به لا حول ولا,   اگر پرده پوشی تونبود ابلیس به یگانگی تو ایمان نمی آورد 
292,   بی تو کجا جنبد رگی/ دردست و پای پارسا, بی تو رگی بربدن انسان پرهیزگار نمی جنبد دستور تو نباشد خورشید غروب نمیکند
293,    در سنگ سقایی نهی /در برق میرنده وفا, بعداز مرگ زنده میکنی چنانچه بعد از خواب بیدارمان میکنی از سنگ چشمه جریان پیدامیکند و از رعدوبرق زمین بارور میشود
294,    زان سیلشان کی واخرد /جز مشتری هل اتی, سیاهی شب عقل و هوش را میبرد اگر شفاعت امیرالمومنین نباشد دوباره هشیاری را به دست نمی آورند .
295,    وی کوفته هرسو دهل /کای جان حیران الصلا, توعصاره ی روح کل و جزئی که باغ و گل را پوشش حمایت میدهی و ددر هر سو جانهایی (ارواحی )را که به حیرت (مقامی در عرفان )رفته اند به سوی خود میخوانی .
296,    آنکم دهد فهم ِبیا /گوید که پیش من بیا, دیگران مرا فریب می دهند که چیزی به نفع خود از ما بستانند آن کسی که فهم و شعور داده تا سیر و سلوک بیاموزم مرا به سوی خود میخواهد بی چشم داشتی .
297,    آنکت دهد طال بقا /او را سزد طال بقا, در هر زمینه ای استعداد داری باید در آن مسیر حرکت کنی جاودانگی مال کسی است که عمر طولانی به بنده اش داده است .
298,    هم اوت  آرد در دعا /هم او دهد مزد دعا , شادی و غم را خدا میدهد و اوست که به تو دعا کردن میاموزد و دعای تورا اجابت میکند .
299,    زآب تو چرخی می زنم/ مانند چرخ آسیا , اطاعت میکنم ای منشا کرم و سخا .ازرونقی که تو به زندگیم دادی انگونه به رقص می آیم که شبیه گردش چرخشهای آسیاب است
300,    کاستون قوت ماست او/ یا کسب و کار نانبا , آسیاب نمیداند برای چه میچرخد برای تهیه ی روزی ما ؟یا برای رونق کسب و کار نانوا ولی میچرخد .
301,    تاگوید اوکه گفتِ او/ هرگز بننماید قفا, ساکت باش که این سخنان را باید کسی بگوید که حرفهایش عواقبی نداشته باشد .
302,می دان که دود ِگولخن/ هرگز نیاید بر سما,.هر چقدر که میخواهی ستیزه جویی کن صدای فریاد تو مانند دود گلخن است و هرگز به آسمان نمی رسد
303,کزدود آورد آسمان/ چندان لطیفی و ضیا,اگرهم به آسمان رسید آنجا را تیره نمی کند زیرا لطافت آسمان نتیجه ی گازهایی است که در انفجار بزرگ(مه بانگ )ایجاد شده است .
304,با نقش گرمابه مکن /این جمله چالیش و غزا,که با نقش تقوی (شستشوی درون )مبارزه نکن و از تشبیه آه و فغان آنها به دود گلخن بهتر است به معنی دوبیت در یکجا نیز بپردازیم .
305,ور دامن اورا کشی /هم برتو تنگ آید قبا ,هرچه با عنایت الهی مخالفت کنی چون خودت نیز از این رحمت سود میبری به زیان خودت خواهد بود و اگر میدان را برما تنگ کنی خودت در تنگنا میفتی .
306, بس برطپیدند و نشد /درما ن نبود الا رضا ,قبل از تو بودند کسانیکه همین را را رفتند و بالاخره تسلیم رضای حق شدند وصبر پیشه کردند پس باید پذیرفت آنچه را که مقدر است و صبر کرد .
307,جان گفت  ای نادی / ِخوش اهلا و سهلا مرحبا ,جان مخاطب ِمنبع الهام است که ترا میخوانم دوباره سوی  من آی (گویی مدتی غفلت کرده است )که جان و روح مولانه پاسخ میدهد خوش آمدی سلام
308,یک بار دیگر بانگ زن / تا برپرم بر هل اتی,.به روی چشمم(گوش به فرمانم و اطاعت میکنم چون تورا باور دارم )اگر یک بار دیگر مرا بخوانی تا جایگاه و مرتبه ی امیر المومنین پرواز میکنم 
309,"آخر کجا می خوانیم / گفتا :""برون از جان و جا """,ای مهمانی که وجودت کیمیاست مرا به کجا میخوانی؟گفت به جایی که از روح و مکان فراتراست
310,دل برغریبی می نهی /ای کی بود شرط وفا,.تو روحی هستی که برآگاهی روح من میفزایی زیرا ما هردو ازیک اصل هستیم حالا به دنیای مادی دل میبندی ؟این شرط وفاست .
311,آن گنده پیر کابلی /صدسحر کردت از دغا ,.از اصل، آواره شدن خوشآیند توشده و جایگاه واقعی خود را فراموش کرده اسیر حیله وجادوی پیرزال بدبوی کابلی (کنایه از وابستگی های دنیوی )شدی .
312,چون برنمیگردد سرت / چون دل نمی جوشد ترا ,ما به قافله ای پوینده که بسوی مرحله ی موعود (وصل حق )می رود پیوستیم چرا سربرنمیگردانی ؟چون دلت در راه حق به جوش و خروش نیفتاده است .
313,ای بس رفیق و هم نفس/ آنجا نشسته گوش ما,فریاد قافله سالارو زنگ کاروان هایی را که ازعقب و جلو در حرکتند گوش ما نمی شنود زیرا سرگرم کسانی هستیم که با ما زیر یک سقف زندگی می کنند
314,نعره زنان در گوش ما/ که سوی شاه آ ای گدا , عده ای در گوشه ای که ما نشستیم هستند (همراهان)همه مست آگاهی و سرخوش از آن ومن بیهوش هستم و از نظر آگاهی عرفانی کم بضاعت .آنها فریاد میزنند درگوش من که ای گدا سوی خدا بیا .
315,ای عیسی پنهان شده / بر طارم مینا بیا ,.ای روشنایی دیده (مایه ی بصیرت )به سوی من بیا  
316,یعقوب مسکین پیر شد / ای یوسف برنا بیا,دلم زمانی چون کمانی تیراندازی میکرد اکنون مانند تیر میخواهد از تن به بیرون پرتاب شود و تن کمان شده
317,گاوی خدایی میکند / از سینه ی سینا بیا ,.ای موسی عمران تقدسی چندین برابر کوه سینا در سینه ی تو است مردم نادان شخصیت هایی را پرستش می کنند که خودشان آن را ساختند مانند گوساله ی سامری ،از میانه کوه بیرون بیا .
318,در گور تن تنگ آمدم / ای جان ِبا پهنا بیا ,زرد رنگ و مانند چنگ خم شدم از گورتن به تنگ امدم ای جانی که گستره ی آگاهی تو زیاد است(جان با پهنا ) بیا .
319,زان طره ی اندر همت / ای سرّ ارسلنا بیا ,چشم محمد از تو اشکبارشده و به شادی دنیوی پشت کرده در طریق طلب تو
320,ای دیده ی بینا به حق / ای سینه ی دانا بیا,خورشید فقط انعکاسی از تو هست زیرا تو از اولیاالله پیشی گرفتی
321,دل داده ام دیراست من / تاجان دهم جانا بیا,توجانی و جان و روح مردم مانند تن ترا در خود پوشانده تن بدون جان نمی ارزد برای جان دادن دیراست زیرا من دلم را باختم .
322,اول تو ای دردا برو / وآخر تو درمانا بیا ,ازوقتی دلم را در اختیار گرفتی جان به حدی از آگاهی رسیده که اکنون وقت بهره برداری است تو که هم دردی هم درمان .آن صورت از تو که درد مندم میکند باید برود تا مایه درمانم گردی .
323,دی بردلش تیری بزن / دی برسرش خارابیا,.چرخ حیله گر اجازه نداد تامن قدر تورا بدانم (این اتفاق در گذشته افتاده )پس گذشته را نابود کن
324,کس نیست شاها محرمت / در قرب او ادنی بیا,:بااین پیروزی بزرگی(اشراق ) که بدست آوردی جایگاه تو به ذات احدیت نزدیکترین مرتبه است .در این بیت مولانا اجازه عروج میخواهد تا در وعده گاه حاضرشود .
325,تبریز چون عرش مکین / از مسجد اقصی بیا,جانم خدمتگزار توست از شکوه تو تبریز عرش با منزلتی شده از مسجد الاقصی به تبریز بیا ،همانطور که به مسجدالقصی رفتی به اینجا هم بیا .
326,نی دلق صد پاره کشان / چیزی بده درویش را ,.نشان درویش کوی تو جز جان و زبانی حق گو نیست لباس پاره گواه درویشی اهل حقیقت نیست
327,خارازتو نسرین میشود / چیزی بده درویش را,اگر بت بت پرست در بت ترا جستجو کند کفراو دین اوست .خار (انسان تابع عقل خشک )با یافتن تو گل (عارف با توجه به شکفتگی آن )میشود .
328,خودرا بگو تو چیستی / چیزی بده درویش را,عرفان دریای بی انتهایی است پراز ماهی های چموش عارف باید ماهیگیری باشد صبورکه قلاب به دریای عرفان نهاده است بزرگترین این هاهی ها اشراق است .
329,تو محتشم او محتشم / چیزی بده درویش را,زیاد به خود نه اندیش جان را در نیستی انداز یار ما زیرا دوپادشاه در یک اقلیم نمی گنجند 
330,افتاده در غرقابه ای  / تا خود که داند آشنا,ای رهروان راه عشق امروز ماو شما در گرداب بلا(اوضاع آشفته ) افتادیم تا چه کسی به شنا کردن دراین گرداب آشنا باشد  .
331,مرغان آبی را چه غم / تا غم خورد مرغ هوا,اگر دنیارا سیل بگیرد باموجهای عظیم (کوهان شتررا به موج تشبیه کرده است ) مرغان آبزی غصه ای ندارند این مرغان هواهستند که باید به خود بیندیشند
332,زان سان که ماهی را بود / دریا و طوفان جان فزا ,می خواهد لباس عیاری برتن کند و در اوضاع آشفته ای بوجود آمده باکمک حضرت موسی (اعجاز)عارفان (یاران ) را نجات دهد و در آب (آگاهی)غوطه ورشود .
333,ای موسی عمران بیا / بر آب دریا زن عصا,می خواهد لباس عیاری برتن کند و در اوضاع آشفته ای بوجود آمده باکمک حضرت موسی (اعجاز)عارفان (یاران ) را نجات دهد و در آب (آگاهی)غوطه ورشود .
334,سودای آن ساقی مرا  / باقی همه آنِ شما,شرایط حاکم (اوضاع فعلی )در هرسری اندیشه ای می پروراند(از اوضاع حاکم هر کس میخواهد به نحوی سود برد ) اندیشه ی ساقی (راهی که خدا پیش رویم نهاده  )برای من کافیست غیر آن همه مال شما .
335,امروز می در میدهد  / تا بر کند از ما قبا ,.دیروز ساقی از سرمستان کلاه برداشت (براندیشه ی آنان مسلط شد )امروز مرامست می آگاهی میکند تا قبا (لباس روحانیت ) از تن بد آورم
336,خواهی سوی مستیم کش / خواهی ببر سوی فنا,هرجا باشم تو بامنی چون بینایی من هستی اگرمیخواهی مستم کن یا مرا سوی فنا (مرتبه ای در عرفان معادل نیروانا در بودائیسم )ببر
337,گر برده ایم انگورتو / تو برده ای انبان ما ,ای باغبان (کنایه اززندگی )ازچه رودردست و پای ما پیچیده ای اگر ماازتوانگور  (آگاهی نارس)بریم تو هرچه اندوختیم ازما می گیری .
338,زان جامه ها بدریده ای / ای کُربُزِ لعلین قبا,ای عارف تو پوینده ای کم نظیر هستی زیرا خلاف حرکت سایرین میروی وتو این پیغام را گرفتی و به این جهت در مرتبه بالایی قرارداری .
339,"ک""ای هرکه خواهد نردبان / تاجان سپارد در بلا",.آنهایی که قبلا به عرفان رسیده اند و درجات تعالی را تا آسمان طی کرده اند به عرفا هی می زنند و میگویند باید دراین راه خطرها را بپذیرید زیرا راه عشق پربلاست .
340,از شیشه ی گلابگرچون روح / از آن جام سما,برخیز ای روح ازتن بیرون تراوش کن همانطور که عطر و بوی عرقیات از شیشه ای که هیچ شکافی ندارد به بیرون می تراود همانطور که روح از جام آسمان تراوش کرد .
341,بودیم ما همچون شما / ما روح گشتیم الصلا,شما مورد قبول و مبارک هستید با صورتی شکفته .من نیزچون شمابودم تا زمانیکه مرا خواند و ازتن رهیدم و روح گشتم .
342,مارا نمی خواهد مگر / خواهم شمارا بی شما,آینه ساز آهن را می خرد و آن را صیقل میدهد(مانند زیر بم دنیا که انسان را می سازد)  طوریکه  از آن جرقه می جهد تا تبدیل شود به آینه یعنی آینه سازصورت خورا در آهن صیقل یافته ببیند(دنیا هستی مطلق را در آینه وجود شما می بیند ) چون خدا که باید خود را در شما ببیند و آنوقت یکی میشوید باحق .یعنی شما هستید و شما نیستید
343,بی حرف و صوت و رنگ و بو/ بی شمس کی تابد ضیا,مولانا از منبع الهام خود میخواهد که اسرار اولیا الله را برای او بازگو کند.
344,ای پاک تر از جان و جا /آخر کجا بودی ؟کجا,.ای متجلی کننده ی عشق در دل عشاق از آنکه ما به او دل باختیم (آگاه کننده ی دلها )خبرداری چمن اسراری از تو دردل دارد و باعث شکوفایی باغ ها میگردی (تجلی عرفان در دل عارفان )اوضاع مساعد است و خوش یمن به کمک عشاق خدا بیایید تورا که پاکتر از روح و مکان آن (تن)هستی می جویم
345,پیراهن یوسف بود / یا خود روان مصطفی,.بوی خوشی که مانند بوی پیراهن یوسف موجب بینایی(بصیرت)و یا چون بعثت حضرت محمد پیام آور اسلام است
346, به نام چاشنی بخش زبان ها / حلاوت سنج معنی در بیان ها,به نام خدایی که بردن نامش، سخن را شیرین می کند و معیار دلنشین بودن یک سخن، بردن نام اوست. 
347, بلند آن سر که او خواهد بلندش / نژند آن دل که او خواهد نژندش,هرکه را بخواهد عزت و اقتدار می بخشد و هرکه را بخواهد خوار و ذلیل می کند.
348,درِ نابستۀ احسان گشاده‌ست / به هر کس آنچه می‌بایست داده ست,خداوند همیشه درهای احسان و نیکی به بندگانش را باز گذاشته (یعنی لطف خدا دائمی است) و به هرکس آنچه را که شایسته اوست، می بخشد.
349,به ترتیبی نهاده وضع عالم / که نی یک موی باشد بیش و نی کم, خداوند چنان بادقت و منظم عالم را آفریده که محال است حتی به اندازه یک موی کوچک، چیزی سر جای خودش نباشد. 
350,اگر لطفش قرین حال گردد / همه اِدبارها اِقبال گردد, اگر لطف خدا شامل حال بنده ای شود، همه بدبختی هایش به خوشبختی مبدل می گردد.
351, وگر توفیق ِ او یک سو نهد پای / نه از تدبیر کار آید نه از رای, اگر توفیق انجام کاری را از انسان بگیرد، نه از چاره اندیشی های انسان مشکل حل می شود نه از فکر و اندیشه اش کاری برمی آید.
352, خرد را گر نبخشد روشنایی / بماند تا ابد در تیره رایی, اگر خداوند به عقل انسان روشنایی (علم) ندهد، تا ابد در تاریکی جهل و کج اندیشی باقی خواهد ماند.
353,کمال عقل آن باشد در این راه / که گوید نیستم از هیچ آگاه, وقتی عقل انسان کامل میشود که بداند از هیچ چیز آگاه نیست و بگوید: نمی دانم.
354,به نام خداوند جان و خرد / کَزین برتر اندیشه، بر نگذرد,  به نام خداوندی که جان و عقل و خرد را آفرید، همه چیز را آغاز می کنیم. چرا که در انجام هرکار اندیشه ای جز آوردن نام خدا از ذهن نمی گذرد.
355,خرد رهنمای و خرد دلگشای / خرد، دست گیرد به هردو سَرای,  دانایی، راهنمای انسان و نشاط دهنده ذات انسان است. عقل و خرد، انسان را هم در دنیا و هم در آخرت کمک می کند.
356,به دانش گرای و بدو شو بلند / چو خواهی که از بد نیابی گَزند,  به علم و دانش متمایل شو و از آن کمک بگیر تا رشد کنی. اگر می خواهی از بدخواهان آسیبی به تو نرسد
357,ز نادان، بنالد دل سنگ و کوه / اَزیرا ندارد بَرِ کس، شُکوه,   از انسان نادان حتی سنگ ها و کوه ها و تمام آفریده های خدا ناله می کنند! به همین دلیل انسان نادان پیش کسی ارزش و اعتبار ندارد.
358,توانا بوَد، هر که دانا بوَد / ز دانش دل پیر، بُرنا بود,   هرکسی که علم و دانش داشته باشد، تواناست و با علم و دانش دل های پیر، جوان و بانشاط می شوند.
359,فضلِ خدای را، که تواند شمار کرد؟‌ / یا کیست آن که شُکر یکی از هزار کرد؟,   چه کسی می تواند بخشش بی نهایت خداوند را بشمارد؟
360,ابر، آب داد بیخ درختان مرده را/ شاخ برهنه، پیرهن نوبهار کرد,   ابرها (با اجازه خدا) تا ریشه درختان مرده را آبیاری می کنند و بار دیگر درختان خشک زمستانی را سرسبز کرده و لباس فصل بهار را که پر از گل و شکوفه است، بر تن آنها می پوشاند.
361,توحیدگوی او، نه بنی‌آدم‌اند و بس / هر بلبلی که زمزمه بر شاخسار کرد,   تنها انسان ها نیستند که خداوند را یکتا می دانند و ذکر او را می گویند؛ بلکه تمام موجودات عالم به تسبیح خداوند مشغولند. هر بلبلی که روی درختان آواز می خواند درواقع به ذکر خدا مشغول است.
362,دیدار یار غایب دانی چه ذوق دارد / ابری که در بیابان بر تشنه ای ببارد,    آیا می دانی که دیدار کسی که مدت ها غایب بوده چقدر خوشحال کننده است و عاشق را بر سر کیف می آورد؟
